
  CREATE TABLE "ALEKSEYSAMOYLOV"."INDEX_TYPE" 
   (	"INDEX_ID" NUMBER NOT NULL ENABLE, 
	"INDEX_NAME" VARCHAR2(200 CHAR) NOT NULL ENABLE, 
	 CONSTRAINT "INDEXES_PK" PRIMARY KEY ("INDEX_ID")
  USING INDEX PCTFREE 10 INITRANS 2 MAXTRANS 255 COMPUTE STATISTICS 
  STORAGE(INITIAL 65536 NEXT 1048576 MINEXTENTS 1 MAXEXTENTS 2147483645
  PCTINCREASE 0 FREELISTS 1 FREELIST GROUPS 1 BUFFER_POOL DEFAULT FLASH_CACHE DEFAULT CELL_FLASH_CACHE DEFAULT)
  TABLESPACE "SYSTEM"  ENABLE
   ) SEGMENT CREATION IMMEDIATE 
  PCTFREE 10 PCTUSED 40 INITRANS 1 MAXTRANS 255 NOCOMPRESS LOGGING
  STORAGE(INITIAL 65536 NEXT 1048576 MINEXTENTS 1 MAXEXTENTS 2147483645
  PCTINCREASE 0 FREELISTS 1 FREELIST GROUPS 1 BUFFER_POOL DEFAULT FLASH_CACHE DEFAULT CELL_FLASH_CACHE DEFAULT)
  TABLESPACE "SYSTEM" ;


  CREATE OR REPLACE TRIGGER "ALEKSEYSAMOYLOV"."INDEX_TYPE_TRG" 
BEFORE INSERT ON INDEX_TYPE 
FOR EACH ROW 
BEGIN
  <<COLUMN_SEQUENCES>>
  BEGIN
    IF INSERTING AND :NEW.INDEX_ID IS NULL THEN
      SELECT INDEX_TYPE_SEQ.NEXTVAL INTO :NEW.INDEX_ID FROM SYS.DUAL;
    END IF;
  END COLUMN_SEQUENCES;
END;
/
ALTER TRIGGER "ALEKSEYSAMOYLOV"."INDEX_TYPE_TRG" ENABLE;



  CREATE TABLE "ALEKSEYSAMOYLOV"."INSURER" 
   (	"INSURER_ID" NUMBER NOT NULL ENABLE, 
	"NAME" VARCHAR2(100 CHAR) NOT NULL ENABLE, 
	"LICENSE" VARCHAR2(30 CHAR) NOT NULL ENABLE, 
	"INN" NUMBER NOT NULL ENABLE, 
	"OGRN" NUMBER NOT NULL ENABLE, 
	"NUMBER_OF_BRANCHES" NUMBER DEFAULT 0 NOT NULL ENABLE, 
	 CONSTRAINT "INSURERS_PK" PRIMARY KEY ("INSURER_ID")
  USING INDEX PCTFREE 10 INITRANS 2 MAXTRANS 255 COMPUTE STATISTICS 
  STORAGE(INITIAL 65536 NEXT 1048576 MINEXTENTS 1 MAXEXTENTS 2147483645
  PCTINCREASE 0 FREELISTS 1 FREELIST GROUPS 1 BUFFER_POOL DEFAULT FLASH_CACHE DEFAULT CELL_FLASH_CACHE DEFAULT)
  TABLESPACE "SYSTEM"  ENABLE
   ) SEGMENT CREATION IMMEDIATE 
  PCTFREE 10 PCTUSED 40 INITRANS 1 MAXTRANS 255 NOCOMPRESS LOGGING
  STORAGE(INITIAL 65536 NEXT 1048576 MINEXTENTS 1 MAXEXTENTS 2147483645
  PCTINCREASE 0 FREELISTS 1 FREELIST GROUPS 1 BUFFER_POOL DEFAULT FLASH_CACHE DEFAULT CELL_FLASH_CACHE DEFAULT)
  TABLESPACE "SYSTEM" ;

  CREATE OR REPLACE TRIGGER "ALEKSEYSAMOYLOV"."INSURERS_TRG" 
BEFORE INSERT ON INSURER 
FOR EACH ROW 
BEGIN
  <<COLUMN_SEQUENCES>>
  BEGIN
    NULL;
  END COLUMN_SEQUENCES;
END;
/
ALTER TRIGGER "ALEKSEYSAMOYLOV"."INSURERS_TRG" ENABLE;


  CREATE TABLE "ALEKSEYSAMOYLOV"."PERIODS" 
   (	"PERIOD_ID" NUMBER NOT NULL ENABLE, 
	"START_PERIOD" DATE NOT NULL ENABLE, 
	"STOP_PERIOD" DATE NOT NULL ENABLE, 
	 CONSTRAINT "PERIODS_PK" PRIMARY KEY ("PERIOD_ID")
  USING INDEX PCTFREE 10 INITRANS 2 MAXTRANS 255 COMPUTE STATISTICS 
  STORAGE(INITIAL 65536 NEXT 1048576 MINEXTENTS 1 MAXEXTENTS 2147483645
  PCTINCREASE 0 FREELISTS 1 FREELIST GROUPS 1 BUFFER_POOL DEFAULT FLASH_CACHE DEFAULT CELL_FLASH_CACHE DEFAULT)
  TABLESPACE "SYSTEM"  ENABLE
   ) SEGMENT CREATION IMMEDIATE 
  PCTFREE 10 PCTUSED 40 INITRANS 1 MAXTRANS 255 NOCOMPRESS LOGGING
  STORAGE(INITIAL 65536 NEXT 1048576 MINEXTENTS 1 MAXEXTENTS 2147483645
  PCTINCREASE 0 FREELISTS 1 FREELIST GROUPS 1 BUFFER_POOL DEFAULT FLASH_CACHE DEFAULT CELL_FLASH_CACHE DEFAULT)
  TABLESPACE "SYSTEM" ;

  CREATE OR REPLACE TRIGGER "ALEKSEYSAMOYLOV"."PERIODS_TRG" 
BEFORE INSERT ON PERIODS 
FOR EACH ROW 
BEGIN
  <<COLUMN_SEQUENCES>>
  BEGIN
    IF INSERTING AND :NEW.PERIOD_ID IS NULL THEN
      SELECT PERIODS_SEQ.NEXTVAL INTO :NEW.PERIOD_ID FROM SYS.DUAL;
    END IF;
  END COLUMN_SEQUENCES;
END;
/
ALTER TRIGGER "ALEKSEYSAMOYLOV"."PERIODS_TRG" ENABLE;


 CREATE TABLE "ALEKSEYSAMOYLOV"."CONCRETE_INDEX" 
   (	"CONCRETE_ID" NUMBER NOT NULL ENABLE, 
	"INSURER_ID" NUMBER NOT NULL ENABLE, 
	"INDEX_ID" NUMBER NOT NULL ENABLE, 
	"VALUE" FLOAT(126) DEFAULT 0 NOT NULL ENABLE, 
	"PERIOD_ID" NUMBER, 
	 CONSTRAINT "CONCRETE_INDEXES_PK" PRIMARY KEY ("CONCRETE_ID")
  USING INDEX PCTFREE 10 INITRANS 2 MAXTRANS 255 COMPUTE STATISTICS 
  STORAGE(INITIAL 65536 NEXT 1048576 MINEXTENTS 1 MAXEXTENTS 2147483645
  PCTINCREASE 0 FREELISTS 1 FREELIST GROUPS 1 BUFFER_POOL DEFAULT FLASH_CACHE DEFAULT CELL_FLASH_CACHE DEFAULT)
  TABLESPACE "SYSTEM"  ENABLE, 
	 CONSTRAINT "CONCRETE_INDEXES_FK1" FOREIGN KEY ("INSURER_ID")
	  REFERENCES "ALEKSEYSAMOYLOV"."INSURER" ("INSURER_ID") ENABLE, 
	 CONSTRAINT "CONCRETE_INDEXES_FK2" FOREIGN KEY ("INDEX_ID")
	  REFERENCES "ALEKSEYSAMOYLOV"."INDEX_TYPE" ("INDEX_ID") ENABLE
   ) SEGMENT CREATION IMMEDIATE 
  PCTFREE 10 PCTUSED 40 INITRANS 1 MAXTRANS 255 NOCOMPRESS LOGGING
  STORAGE(INITIAL 65536 NEXT 1048576 MINEXTENTS 1 MAXEXTENTS 2147483645
  PCTINCREASE 0 FREELISTS 1 FREELIST GROUPS 1 BUFFER_POOL DEFAULT FLASH_CACHE DEFAULT CELL_FLASH_CACHE DEFAULT)
  TABLESPACE "SYSTEM" ;

  CREATE OR REPLACE TRIGGER "ALEKSEYSAMOYLOV"."CONCRETE_INDEX_TRG" 
BEFORE INSERT ON CONCRETE_INDEX 
FOR EACH ROW 
BEGIN
  <<COLUMN_SEQUENCES>>
  BEGIN
    NULL;
  END COLUMN_SEQUENCES;
END;
/
ALTER TRIGGER "ALEKSEYSAMOYLOV"."CONCRETE_INDEX_TRG" ENABLE;


delete from concrete_index;
delete from insurer;
delete from reporting_period;
delete from index_type;

insert into insurer(INSURER_ID, INN , LICENSE , NAME , NUMBER_OF_BRANCHES , OGRN) values (1, 3317000799, 'OC № 0632 - 03', 'ИНКО-МЕД', 8, 1023301952190);
insert into insurer(INSURER_ID, INN , LICENSE , NAME , NUMBER_OF_BRANCHES , OGRN) values (2, 3317000791, 'OC № 0642 - 04', 'Европа', 7, 1023301952191); 
insert into insurer(INSURER_ID, INN , LICENSE , NAME , NUMBER_OF_BRANCHES , OGRN) values (3, 3317000792, 'OC № 0832 - 05', 'Подмосковье', 12, 1023301952192); 
insert into insurer(INSURER_ID, INN , LICENSE , NAME , NUMBER_OF_BRANCHES , OGRN) values (4, 3317000793, 'OC № 0032 - 06', 'Национальная', 30, 1023301952193); 
insert into insurer(INSURER_ID, INN , LICENSE , NAME , NUMBER_OF_BRANCHES , OGRN) values (5, 3317000794, 'OC № 0132 - 07', 'Центральное Страховое Общество', 2, 1023301952194); 
insert into insurer(INSURER_ID, INN , LICENSE , NAME , NUMBER_OF_BRANCHES , OGRN) values (6, 3317000745, 'OC № 0232 - 08', 'Акцепт', 3, 1023301952195); 
insert into insurer(INSURER_ID, INN , LICENSE , NAME , NUMBER_OF_BRANCHES , OGRN) values (7, 3317000796, 'OC № 0432 - 09', 'Инвест-полис', 21, 1023301952196); 
insert into insurer(INSURER_ID, INN , LICENSE , NAME , NUMBER_OF_BRANCHES , OGRN) values (8, 3317000797, 'OC № 0631 - 01', 'СТРАЖ', 18, 1023301952197); 
insert into insurer(INSURER_ID, INN , LICENSE , NAME , NUMBER_OF_BRANCHES , OGRN) values (9, 3317000719, 'OC № 0532 - 02', 'РУССКАЯ КОРОНА', 22, 1023301952198); 
insert into insurer(INSURER_ID, INN , LICENSE , NAME , NUMBER_OF_BRANCHES , OGRN) values (10, 3317000729, 'OC № 0832 - 23', 'ЕВРОИНС', 1, 1023301952199); 

insert into reporting_period (PERIOD_ID, START_PERIOD, STOP_PERIOD) VALUES (1, '1-JAN-05', '31-MAR-05');
insert into reporting_period (PERIOD_ID, START_PERIOD, STOP_PERIOD) VALUES (2, '1-APR-05', '30-JUN-05');
insert into reporting_period (PERIOD_ID, START_PERIOD, STOP_PERIOD) VALUES (3, '1-JUL-05', '30-SEP-05');
insert into reporting_period (PERIOD_ID, START_PERIOD, STOP_PERIOD) VALUES (4, '1-OCT-05', '31-DEC-05');
insert into reporting_period (PERIOD_ID, START_PERIOD, STOP_PERIOD) VALUES (5, '1-JAN-06', '31-MAR-06');
insert into reporting_period (PERIOD_ID, START_PERIOD, STOP_PERIOD) VALUES (6, '1-APR-06', '30-JUN-06');
insert into reporting_period (PERIOD_ID, START_PERIOD, STOP_PERIOD) VALUES (7, '1-JUL-06', '30-SEP-06');
insert into reporting_period (PERIOD_ID, START_PERIOD, STOP_PERIOD) VALUES (8, '1-OCT-06', '31-DEC-06');
insert into reporting_period (PERIOD_ID, START_PERIOD, STOP_PERIOD) VALUES (9, '1-JAN-07', '31-MAR-07');
insert into reporting_period (PERIOD_ID, START_PERIOD, STOP_PERIOD) VALUES (10, '1-APR-07', '30-JUN-07');
insert into reporting_period (PERIOD_ID, START_PERIOD, STOP_PERIOD) VALUES (11, '1-JUL-07', '30-SEP-07');
insert into reporting_period (PERIOD_ID, START_PERIOD, STOP_PERIOD) VALUES (12, '1-OCT-07', '31-DEC-07');

INSERT INTO INDEX_TYPE (INDEX_ID, INDEX_NAME) VALUES(1, 'Рентабельность инвестиций');
INSERT INTO INDEX_TYPE (INDEX_ID, INDEX_NAME) VALUES(2, 'Коэффициент: прибыль от инвестиций/сумма заработанных страховых премий');
INSERT INTO INDEX_TYPE (INDEX_ID, INDEX_NAME) VALUES(3, 'Доля стоимости объектов недвижимости в активах');
INSERT INTO INDEX_TYPE (INDEX_ID, INDEX_NAME) VALUES(4, 'Доля нестраховых обязательств по отношению к страховым резервам в пассиве баланса');
INSERT INTO INDEX_TYPE (INDEX_ID, INDEX_NAME) VALUES(5, 'Диверсификация страхового портфеля Доля ОСАГО+КАСКО+ДМС');
INSERT INTO INDEX_TYPE (INDEX_ID, INDEX_NAME) VALUES(6, 'Темпы роста резерва убытков');
INSERT INTO INDEX_TYPE (INDEX_ID, INDEX_NAME) VALUES(7, 'Индикативный расчет РПН (1/8)');
INSERT INTO INDEX_TYPE (INDEX_ID, INDEX_NAME) VALUES(8, 'Оценка экономической эффективности перестрахования');
INSERT INTO INDEX_TYPE (INDEX_ID, INDEX_NAME) VALUES(9, 'Комбинированный коэффициент убыточности-нетто');
INSERT INTO INDEX_TYPE (INDEX_ID, INDEX_NAME) VALUES(10, 'Коэффициент темпа роста премий относительно роста рынка');
INSERT INTO INDEX_TYPE (INDEX_ID, INDEX_NAME) VALUES(11, 'Коэффициент ликвидности');


INSERT INTO CONCRETE_INDEX (CONCRETE_ID, INSURER_ID , INDEX_ID , PERIOD_ID , VALUE) VALUES (1, 1, 1, 1, -0.40);
INSERT INTO CONCRETE_INDEX (CONCRETE_ID, INSURER_ID , INDEX_ID , PERIOD_ID , VALUE) VALUES (2, 1, 1, 2, -2.28);
INSERT INTO CONCRETE_INDEX (CONCRETE_ID, INSURER_ID , INDEX_ID , PERIOD_ID , VALUE) VALUES (3, 1, 1, 3, 4.36);
INSERT INTO CONCRETE_INDEX (CONCRETE_ID, INSURER_ID , INDEX_ID , PERIOD_ID , VALUE) VALUES (4, 1, 1, 4, 0.86);
INSERT INTO CONCRETE_INDEX (CONCRETE_ID, INSURER_ID , INDEX_ID , PERIOD_ID , VALUE) VALUES (5, 1, 1, 5, -1.12);
INSERT INTO CONCRETE_INDEX (CONCRETE_ID, INSURER_ID , INDEX_ID , PERIOD_ID , VALUE) VALUES (6, 1, 1, 6, 3.34);
INSERT INTO CONCRETE_INDEX (CONCRETE_ID, INSURER_ID , INDEX_ID , PERIOD_ID , VALUE) VALUES (7, 1, 1, 7, -3.15);
INSERT INTO CONCRETE_INDEX (CONCRETE_ID, INSURER_ID , INDEX_ID , PERIOD_ID , VALUE) VALUES (8, 1, 1, 8, 3.79);
INSERT INTO CONCRETE_INDEX (CONCRETE_ID, INSURER_ID , INDEX_ID , PERIOD_ID , VALUE) VALUES (9, 1, 2, 1, -4.54);
INSERT INTO CONCRETE_INDEX (CONCRETE_ID, INSURER_ID , INDEX_ID , PERIOD_ID , VALUE) VALUES (10, 1, 2, 2, 1.16);
INSERT INTO CONCRETE_INDEX (CONCRETE_ID, INSURER_ID , INDEX_ID , PERIOD_ID , VALUE) VALUES (11, 1, 2, 3, -0.97);
INSERT INTO CONCRETE_INDEX (CONCRETE_ID, INSURER_ID , INDEX_ID , PERIOD_ID , VALUE) VALUES (12, 1, 2, 4, -4.77);
INSERT INTO CONCRETE_INDEX (CONCRETE_ID, INSURER_ID , INDEX_ID , PERIOD_ID , VALUE) VALUES (13, 1, 2, 5, -1.15);
INSERT INTO CONCRETE_INDEX (CONCRETE_ID, INSURER_ID , INDEX_ID , PERIOD_ID , VALUE) VALUES (14, 1, 2, 6, -3.66);
INSERT INTO CONCRETE_INDEX (CONCRETE_ID, INSURER_ID , INDEX_ID , PERIOD_ID , VALUE) VALUES (15, 1, 2, 7, 1.67);
INSERT INTO CONCRETE_INDEX (CONCRETE_ID, INSURER_ID , INDEX_ID , PERIOD_ID , VALUE) VALUES (16, 1, 2, 8, -4.05);
INSERT INTO CONCRETE_INDEX (CONCRETE_ID, INSURER_ID , INDEX_ID , PERIOD_ID , VALUE) VALUES (17, 1, 3, 1, 4.94);
INSERT INTO CONCRETE_INDEX (CONCRETE_ID, INSURER_ID , INDEX_ID , PERIOD_ID , VALUE) VALUES (18, 1, 3, 2, 2.26);
INSERT INTO CONCRETE_INDEX (CONCRETE_ID, INSURER_ID , INDEX_ID , PERIOD_ID , VALUE) VALUES (19, 1, 3, 3, -4.89);
INSERT INTO CONCRETE_INDEX (CONCRETE_ID, INSURER_ID , INDEX_ID , PERIOD_ID , VALUE) VALUES (20, 1, 3, 4, -3.74);
INSERT INTO CONCRETE_INDEX (CONCRETE_ID, INSURER_ID , INDEX_ID , PERIOD_ID , VALUE) VALUES (21, 1, 3, 5, -1.72);
INSERT INTO CONCRETE_INDEX (CONCRETE_ID, INSURER_ID , INDEX_ID , PERIOD_ID , VALUE) VALUES (22, 1, 3, 6, 1.05);
INSERT INTO CONCRETE_INDEX (CONCRETE_ID, INSURER_ID , INDEX_ID , PERIOD_ID , VALUE) VALUES (23, 1, 3, 7, -4.76);
INSERT INTO CONCRETE_INDEX (CONCRETE_ID, INSURER_ID , INDEX_ID , PERIOD_ID , VALUE) VALUES (24, 1, 3, 8, 1.00);
INSERT INTO CONCRETE_INDEX (CONCRETE_ID, INSURER_ID , INDEX_ID , PERIOD_ID , VALUE) VALUES (25, 1, 4, 1, -4.91);
INSERT INTO CONCRETE_INDEX (CONCRETE_ID, INSURER_ID , INDEX_ID , PERIOD_ID , VALUE) VALUES (26, 1, 4, 2, 4.15);
INSERT INTO CONCRETE_INDEX (CONCRETE_ID, INSURER_ID , INDEX_ID , PERIOD_ID , VALUE) VALUES (27, 1, 4, 3, -1.35);
INSERT INTO CONCRETE_INDEX (CONCRETE_ID, INSURER_ID , INDEX_ID , PERIOD_ID , VALUE) VALUES (28, 1, 4, 4, -4.65);
INSERT INTO CONCRETE_INDEX (CONCRETE_ID, INSURER_ID , INDEX_ID , PERIOD_ID , VALUE) VALUES (29, 1, 4, 5, 2.15);
INSERT INTO CONCRETE_INDEX (CONCRETE_ID, INSURER_ID , INDEX_ID , PERIOD_ID , VALUE) VALUES (30, 1, 4, 6, 4.27);
INSERT INTO CONCRETE_INDEX (CONCRETE_ID, INSURER_ID , INDEX_ID , PERIOD_ID , VALUE) VALUES (31, 1, 4, 7, -0.48);
INSERT INTO CONCRETE_INDEX (CONCRETE_ID, INSURER_ID , INDEX_ID , PERIOD_ID , VALUE) VALUES (32, 1, 4, 8, 1.18);
INSERT INTO CONCRETE_INDEX (CONCRETE_ID, INSURER_ID , INDEX_ID , PERIOD_ID , VALUE) VALUES (33, 1, 5, 1, 1.70);
INSERT INTO CONCRETE_INDEX (CONCRETE_ID, INSURER_ID , INDEX_ID , PERIOD_ID , VALUE) VALUES (34, 1, 5, 2, -2.83);
INSERT INTO CONCRETE_INDEX (CONCRETE_ID, INSURER_ID , INDEX_ID , PERIOD_ID , VALUE) VALUES (35, 1, 5, 3, 2.74);
INSERT INTO CONCRETE_INDEX (CONCRETE_ID, INSURER_ID , INDEX_ID , PERIOD_ID , VALUE) VALUES (36, 1, 5, 4, -1.72);
INSERT INTO CONCRETE_INDEX (CONCRETE_ID, INSURER_ID , INDEX_ID , PERIOD_ID , VALUE) VALUES (37, 1, 5, 5, 4.03);
INSERT INTO CONCRETE_INDEX (CONCRETE_ID, INSURER_ID , INDEX_ID , PERIOD_ID , VALUE) VALUES (38, 1, 5, 6, -2.17);
INSERT INTO CONCRETE_INDEX (CONCRETE_ID, INSURER_ID , INDEX_ID , PERIOD_ID , VALUE) VALUES (39, 1, 5, 7, 1.13);
INSERT INTO CONCRETE_INDEX (CONCRETE_ID, INSURER_ID , INDEX_ID , PERIOD_ID , VALUE) VALUES (40, 1, 5, 8, 4.71);
INSERT INTO CONCRETE_INDEX (CONCRETE_ID, INSURER_ID , INDEX_ID , PERIOD_ID , VALUE) VALUES (41, 1, 6, 1, -2.41);
INSERT INTO CONCRETE_INDEX (CONCRETE_ID, INSURER_ID , INDEX_ID , PERIOD_ID , VALUE) VALUES (42, 1, 6, 2, 0.23);
INSERT INTO CONCRETE_INDEX (CONCRETE_ID, INSURER_ID , INDEX_ID , PERIOD_ID , VALUE) VALUES (43, 1, 6, 3, 0.15);
INSERT INTO CONCRETE_INDEX (CONCRETE_ID, INSURER_ID , INDEX_ID , PERIOD_ID , VALUE) VALUES (44, 1, 6, 4, 3.30);
INSERT INTO CONCRETE_INDEX (CONCRETE_ID, INSURER_ID , INDEX_ID , PERIOD_ID , VALUE) VALUES (45, 1, 6, 5, 0.89);
INSERT INTO CONCRETE_INDEX (CONCRETE_ID, INSURER_ID , INDEX_ID , PERIOD_ID , VALUE) VALUES (46, 1, 6, 6, 4.48);
INSERT INTO CONCRETE_INDEX (CONCRETE_ID, INSURER_ID , INDEX_ID , PERIOD_ID , VALUE) VALUES (47, 1, 6, 7, -0.36);
INSERT INTO CONCRETE_INDEX (CONCRETE_ID, INSURER_ID , INDEX_ID , PERIOD_ID , VALUE) VALUES (48, 1, 6, 8, -0.96);
INSERT INTO CONCRETE_INDEX (CONCRETE_ID, INSURER_ID , INDEX_ID , PERIOD_ID , VALUE) VALUES (49, 1, 7, 1, 2.00);
INSERT INTO CONCRETE_INDEX (CONCRETE_ID, INSURER_ID , INDEX_ID , PERIOD_ID , VALUE) VALUES (50, 1, 7, 2, -2.00);
INSERT INTO CONCRETE_INDEX (CONCRETE_ID, INSURER_ID , INDEX_ID , PERIOD_ID , VALUE) VALUES (51, 1, 7, 3, 1.01);
INSERT INTO CONCRETE_INDEX (CONCRETE_ID, INSURER_ID , INDEX_ID , PERIOD_ID , VALUE) VALUES (52, 1, 7, 4, 3.47);
INSERT INTO CONCRETE_INDEX (CONCRETE_ID, INSURER_ID , INDEX_ID , PERIOD_ID , VALUE) VALUES (53, 1, 7, 5, -1.00);
INSERT INTO CONCRETE_INDEX (CONCRETE_ID, INSURER_ID , INDEX_ID , PERIOD_ID , VALUE) VALUES (54, 1, 7, 6, -0.32);
INSERT INTO CONCRETE_INDEX (CONCRETE_ID, INSURER_ID , INDEX_ID , PERIOD_ID , VALUE) VALUES (55, 1, 7, 7, -2.53);
INSERT INTO CONCRETE_INDEX (CONCRETE_ID, INSURER_ID , INDEX_ID , PERIOD_ID , VALUE) VALUES (56, 1, 7, 8, -2.34);
INSERT INTO CONCRETE_INDEX (CONCRETE_ID, INSURER_ID , INDEX_ID , PERIOD_ID , VALUE) VALUES (57, 1, 8, 1, -0.83);
INSERT INTO CONCRETE_INDEX (CONCRETE_ID, INSURER_ID , INDEX_ID , PERIOD_ID , VALUE) VALUES (58, 1, 8, 2, -2.60);
INSERT INTO CONCRETE_INDEX (CONCRETE_ID, INSURER_ID , INDEX_ID , PERIOD_ID , VALUE) VALUES (59, 1, 8, 3, -3.10);
INSERT INTO CONCRETE_INDEX (CONCRETE_ID, INSURER_ID , INDEX_ID , PERIOD_ID , VALUE) VALUES (60, 1, 8, 4, 4.97);
INSERT INTO CONCRETE_INDEX (CONCRETE_ID, INSURER_ID , INDEX_ID , PERIOD_ID , VALUE) VALUES (61, 1, 8, 5, -4.43);
INSERT INTO CONCRETE_INDEX (CONCRETE_ID, INSURER_ID , INDEX_ID , PERIOD_ID , VALUE) VALUES (62, 1, 8, 6, -0.61);
INSERT INTO CONCRETE_INDEX (CONCRETE_ID, INSURER_ID , INDEX_ID , PERIOD_ID , VALUE) VALUES (63, 1, 8, 7, -0.75);
INSERT INTO CONCRETE_INDEX (CONCRETE_ID, INSURER_ID , INDEX_ID , PERIOD_ID , VALUE) VALUES (64, 1, 8, 8, -1.49);
INSERT INTO CONCRETE_INDEX (CONCRETE_ID, INSURER_ID , INDEX_ID , PERIOD_ID , VALUE) VALUES (65, 1, 9, 1, -2.77);
INSERT INTO CONCRETE_INDEX (CONCRETE_ID, INSURER_ID , INDEX_ID , PERIOD_ID , VALUE) VALUES (66, 1, 9, 2, -0.34);
INSERT INTO CONCRETE_INDEX (CONCRETE_ID, INSURER_ID , INDEX_ID , PERIOD_ID , VALUE) VALUES (67, 1, 9, 3, -4.50);
INSERT INTO CONCRETE_INDEX (CONCRETE_ID, INSURER_ID , INDEX_ID , PERIOD_ID , VALUE) VALUES (68, 1, 9, 4, -4.32);
INSERT INTO CONCRETE_INDEX (CONCRETE_ID, INSURER_ID , INDEX_ID , PERIOD_ID , VALUE) VALUES (69, 1, 9, 5, 3.07);
INSERT INTO CONCRETE_INDEX (CONCRETE_ID, INSURER_ID , INDEX_ID , PERIOD_ID , VALUE) VALUES (70, 1, 9, 6, -4.04);
INSERT INTO CONCRETE_INDEX (CONCRETE_ID, INSURER_ID , INDEX_ID , PERIOD_ID , VALUE) VALUES (71, 1, 9, 7, 0.74);
INSERT INTO CONCRETE_INDEX (CONCRETE_ID, INSURER_ID , INDEX_ID , PERIOD_ID , VALUE) VALUES (72, 1, 9, 8, 4.36);
INSERT INTO CONCRETE_INDEX (CONCRETE_ID, INSURER_ID , INDEX_ID , PERIOD_ID , VALUE) VALUES (73, 1, 10, 1, 0.40);
INSERT INTO CONCRETE_INDEX (CONCRETE_ID, INSURER_ID , INDEX_ID , PERIOD_ID , VALUE) VALUES (74, 1, 10, 2, -3.61);
INSERT INTO CONCRETE_INDEX (CONCRETE_ID, INSURER_ID , INDEX_ID , PERIOD_ID , VALUE) VALUES (75, 1, 10, 3, 1.96);
INSERT INTO CONCRETE_INDEX (CONCRETE_ID, INSURER_ID , INDEX_ID , PERIOD_ID , VALUE) VALUES (76, 1, 10, 4, 0.65);
INSERT INTO CONCRETE_INDEX (CONCRETE_ID, INSURER_ID , INDEX_ID , PERIOD_ID , VALUE) VALUES (77, 1, 10, 5, -4.13);
INSERT INTO CONCRETE_INDEX (CONCRETE_ID, INSURER_ID , INDEX_ID , PERIOD_ID , VALUE) VALUES (78, 1, 10, 6, -2.68);
INSERT INTO CONCRETE_INDEX (CONCRETE_ID, INSURER_ID , INDEX_ID , PERIOD_ID , VALUE) VALUES (79, 1, 10, 7, 0.02);
INSERT INTO CONCRETE_INDEX (CONCRETE_ID, INSURER_ID , INDEX_ID , PERIOD_ID , VALUE) VALUES (80, 1, 10, 8, -1.68);
INSERT INTO CONCRETE_INDEX (CONCRETE_ID, INSURER_ID , INDEX_ID , PERIOD_ID , VALUE) VALUES (81, 1, 11, 1, 0.59);
INSERT INTO CONCRETE_INDEX (CONCRETE_ID, INSURER_ID , INDEX_ID , PERIOD_ID , VALUE) VALUES (82, 1, 11, 2, 1.10);
INSERT INTO CONCRETE_INDEX (CONCRETE_ID, INSURER_ID , INDEX_ID , PERIOD_ID , VALUE) VALUES (83, 1, 11, 3, -3.77);
INSERT INTO CONCRETE_INDEX (CONCRETE_ID, INSURER_ID , INDEX_ID , PERIOD_ID , VALUE) VALUES (84, 1, 11, 4, 3.98);
INSERT INTO CONCRETE_INDEX (CONCRETE_ID, INSURER_ID , INDEX_ID , PERIOD_ID , VALUE) VALUES (85, 1, 11, 5, 1.30);
INSERT INTO CONCRETE_INDEX (CONCRETE_ID, INSURER_ID , INDEX_ID , PERIOD_ID , VALUE) VALUES (86, 1, 11, 6, -3.43);
INSERT INTO CONCRETE_INDEX (CONCRETE_ID, INSURER_ID , INDEX_ID , PERIOD_ID , VALUE) VALUES (87, 1, 11, 7, -3.79);
INSERT INTO CONCRETE_INDEX (CONCRETE_ID, INSURER_ID , INDEX_ID , PERIOD_ID , VALUE) VALUES (88, 1, 11, 8, -0.12);
INSERT INTO CONCRETE_INDEX (CONCRETE_ID, INSURER_ID , INDEX_ID , PERIOD_ID , VALUE) VALUES (89, 2, 1, 1, -3.48);
INSERT INTO CONCRETE_INDEX (CONCRETE_ID, INSURER_ID , INDEX_ID , PERIOD_ID , VALUE) VALUES (90, 2, 1, 2, -0.59);
INSERT INTO CONCRETE_INDEX (CONCRETE_ID, INSURER_ID , INDEX_ID , PERIOD_ID , VALUE) VALUES (91, 2, 1, 3, -2.45);
INSERT INTO CONCRETE_INDEX (CONCRETE_ID, INSURER_ID , INDEX_ID , PERIOD_ID , VALUE) VALUES (92, 2, 1, 4, -1.42);
INSERT INTO CONCRETE_INDEX (CONCRETE_ID, INSURER_ID , INDEX_ID , PERIOD_ID , VALUE) VALUES (93, 2, 1, 5, -0.38);
INSERT INTO CONCRETE_INDEX (CONCRETE_ID, INSURER_ID , INDEX_ID , PERIOD_ID , VALUE) VALUES (94, 2, 1, 6, 1.99);
INSERT INTO CONCRETE_INDEX (CONCRETE_ID, INSURER_ID , INDEX_ID , PERIOD_ID , VALUE) VALUES (95, 2, 1, 7, 3.28);
INSERT INTO CONCRETE_INDEX (CONCRETE_ID, INSURER_ID , INDEX_ID , PERIOD_ID , VALUE) VALUES (96, 2, 1, 8, -0.46);
INSERT INTO CONCRETE_INDEX (CONCRETE_ID, INSURER_ID , INDEX_ID , PERIOD_ID , VALUE) VALUES (97, 2, 2, 1, 1.34);
INSERT INTO CONCRETE_INDEX (CONCRETE_ID, INSURER_ID , INDEX_ID , PERIOD_ID , VALUE) VALUES (98, 2, 2, 2, 4.49);
INSERT INTO CONCRETE_INDEX (CONCRETE_ID, INSURER_ID , INDEX_ID , PERIOD_ID , VALUE) VALUES (99, 2, 2, 3, 0.18);
INSERT INTO CONCRETE_INDEX (CONCRETE_ID, INSURER_ID , INDEX_ID , PERIOD_ID , VALUE) VALUES (100, 2, 2, 4, -1.74);
INSERT INTO CONCRETE_INDEX (CONCRETE_ID, INSURER_ID , INDEX_ID , PERIOD_ID , VALUE) VALUES (101, 2, 2, 5, 0.05);
INSERT INTO CONCRETE_INDEX (CONCRETE_ID, INSURER_ID , INDEX_ID , PERIOD_ID , VALUE) VALUES (102, 2, 2, 6, -0.05);
INSERT INTO CONCRETE_INDEX (CONCRETE_ID, INSURER_ID , INDEX_ID , PERIOD_ID , VALUE) VALUES (103, 2, 2, 7, -0.66);
INSERT INTO CONCRETE_INDEX (CONCRETE_ID, INSURER_ID , INDEX_ID , PERIOD_ID , VALUE) VALUES (104, 2, 2, 8, 2.52);
INSERT INTO CONCRETE_INDEX (CONCRETE_ID, INSURER_ID , INDEX_ID , PERIOD_ID , VALUE) VALUES (105, 2, 3, 1, 1.96);
INSERT INTO CONCRETE_INDEX (CONCRETE_ID, INSURER_ID , INDEX_ID , PERIOD_ID , VALUE) VALUES (106, 2, 3, 2, -3.97);
INSERT INTO CONCRETE_INDEX (CONCRETE_ID, INSURER_ID , INDEX_ID , PERIOD_ID , VALUE) VALUES (107, 2, 3, 3, -3.15);
INSERT INTO CONCRETE_INDEX (CONCRETE_ID, INSURER_ID , INDEX_ID , PERIOD_ID , VALUE) VALUES (108, 2, 3, 4, -1.17);
INSERT INTO CONCRETE_INDEX (CONCRETE_ID, INSURER_ID , INDEX_ID , PERIOD_ID , VALUE) VALUES (109, 2, 3, 5, 2.36);
INSERT INTO CONCRETE_INDEX (CONCRETE_ID, INSURER_ID , INDEX_ID , PERIOD_ID , VALUE) VALUES (110, 2, 3, 6, -4.71);
INSERT INTO CONCRETE_INDEX (CONCRETE_ID, INSURER_ID , INDEX_ID , PERIOD_ID , VALUE) VALUES (111, 2, 3, 7, 3.87);
INSERT INTO CONCRETE_INDEX (CONCRETE_ID, INSURER_ID , INDEX_ID , PERIOD_ID , VALUE) VALUES (112, 2, 3, 8, 4.57);
INSERT INTO CONCRETE_INDEX (CONCRETE_ID, INSURER_ID , INDEX_ID , PERIOD_ID , VALUE) VALUES (113, 2, 4, 1, -4.09);
INSERT INTO CONCRETE_INDEX (CONCRETE_ID, INSURER_ID , INDEX_ID , PERIOD_ID , VALUE) VALUES (114, 2, 4, 2, 4.04);
INSERT INTO CONCRETE_INDEX (CONCRETE_ID, INSURER_ID , INDEX_ID , PERIOD_ID , VALUE) VALUES (115, 2, 4, 3, -1.31);
INSERT INTO CONCRETE_INDEX (CONCRETE_ID, INSURER_ID , INDEX_ID , PERIOD_ID , VALUE) VALUES (116, 2, 4, 4, -2.49);
INSERT INTO CONCRETE_INDEX (CONCRETE_ID, INSURER_ID , INDEX_ID , PERIOD_ID , VALUE) VALUES (117, 2, 4, 5, -3.86);
INSERT INTO CONCRETE_INDEX (CONCRETE_ID, INSURER_ID , INDEX_ID , PERIOD_ID , VALUE) VALUES (118, 2, 4, 6, -3.04);
INSERT INTO CONCRETE_INDEX (CONCRETE_ID, INSURER_ID , INDEX_ID , PERIOD_ID , VALUE) VALUES (119, 2, 4, 7, -1.68);
INSERT INTO CONCRETE_INDEX (CONCRETE_ID, INSURER_ID , INDEX_ID , PERIOD_ID , VALUE) VALUES (120, 2, 4, 8, -4.60);
INSERT INTO CONCRETE_INDEX (CONCRETE_ID, INSURER_ID , INDEX_ID , PERIOD_ID , VALUE) VALUES (121, 2, 5, 1, 4.17);
INSERT INTO CONCRETE_INDEX (CONCRETE_ID, INSURER_ID , INDEX_ID , PERIOD_ID , VALUE) VALUES (122, 2, 5, 2, 1.14);
INSERT INTO CONCRETE_INDEX (CONCRETE_ID, INSURER_ID , INDEX_ID , PERIOD_ID , VALUE) VALUES (123, 2, 5, 3, 3.29);
INSERT INTO CONCRETE_INDEX (CONCRETE_ID, INSURER_ID , INDEX_ID , PERIOD_ID , VALUE) VALUES (124, 2, 5, 4, 2.33);
INSERT INTO CONCRETE_INDEX (CONCRETE_ID, INSURER_ID , INDEX_ID , PERIOD_ID , VALUE) VALUES (125, 2, 5, 5, 2.31);
INSERT INTO CONCRETE_INDEX (CONCRETE_ID, INSURER_ID , INDEX_ID , PERIOD_ID , VALUE) VALUES (126, 2, 5, 6, -1.58);
INSERT INTO CONCRETE_INDEX (CONCRETE_ID, INSURER_ID , INDEX_ID , PERIOD_ID , VALUE) VALUES (127, 2, 5, 7, -2.42);
INSERT INTO CONCRETE_INDEX (CONCRETE_ID, INSURER_ID , INDEX_ID , PERIOD_ID , VALUE) VALUES (128, 2, 5, 8, -2.33);
INSERT INTO CONCRETE_INDEX (CONCRETE_ID, INSURER_ID , INDEX_ID , PERIOD_ID , VALUE) VALUES (129, 2, 6, 1, 0.65);
INSERT INTO CONCRETE_INDEX (CONCRETE_ID, INSURER_ID , INDEX_ID , PERIOD_ID , VALUE) VALUES (130, 2, 6, 2, -0.68);
INSERT INTO CONCRETE_INDEX (CONCRETE_ID, INSURER_ID , INDEX_ID , PERIOD_ID , VALUE) VALUES (131, 2, 6, 3, 4.73);
INSERT INTO CONCRETE_INDEX (CONCRETE_ID, INSURER_ID , INDEX_ID , PERIOD_ID , VALUE) VALUES (132, 2, 6, 4, -4.14);
INSERT INTO CONCRETE_INDEX (CONCRETE_ID, INSURER_ID , INDEX_ID , PERIOD_ID , VALUE) VALUES (133, 2, 6, 5, 3.95);
INSERT INTO CONCRETE_INDEX (CONCRETE_ID, INSURER_ID , INDEX_ID , PERIOD_ID , VALUE) VALUES (134, 2, 6, 6, -4.51);
INSERT INTO CONCRETE_INDEX (CONCRETE_ID, INSURER_ID , INDEX_ID , PERIOD_ID , VALUE) VALUES (135, 2, 6, 7, 2.68);
INSERT INTO CONCRETE_INDEX (CONCRETE_ID, INSURER_ID , INDEX_ID , PERIOD_ID , VALUE) VALUES (136, 2, 6, 8, 2.12);
INSERT INTO CONCRETE_INDEX (CONCRETE_ID, INSURER_ID , INDEX_ID , PERIOD_ID , VALUE) VALUES (137, 2, 7, 1, 1.68);
INSERT INTO CONCRETE_INDEX (CONCRETE_ID, INSURER_ID , INDEX_ID , PERIOD_ID , VALUE) VALUES (138, 2, 7, 2, -0.04);
INSERT INTO CONCRETE_INDEX (CONCRETE_ID, INSURER_ID , INDEX_ID , PERIOD_ID , VALUE) VALUES (139, 2, 7, 3, 2.05);
INSERT INTO CONCRETE_INDEX (CONCRETE_ID, INSURER_ID , INDEX_ID , PERIOD_ID , VALUE) VALUES (140, 2, 7, 4, 0.03);
INSERT INTO CONCRETE_INDEX (CONCRETE_ID, INSURER_ID , INDEX_ID , PERIOD_ID , VALUE) VALUES (141, 2, 7, 5, -4.05);
INSERT INTO CONCRETE_INDEX (CONCRETE_ID, INSURER_ID , INDEX_ID , PERIOD_ID , VALUE) VALUES (142, 2, 7, 6, -3.70);
INSERT INTO CONCRETE_INDEX (CONCRETE_ID, INSURER_ID , INDEX_ID , PERIOD_ID , VALUE) VALUES (143, 2, 7, 7, -2.74);
INSERT INTO CONCRETE_INDEX (CONCRETE_ID, INSURER_ID , INDEX_ID , PERIOD_ID , VALUE) VALUES (144, 2, 7, 8, 1.85);
INSERT INTO CONCRETE_INDEX (CONCRETE_ID, INSURER_ID , INDEX_ID , PERIOD_ID , VALUE) VALUES (145, 2, 8, 1, 1.41);
INSERT INTO CONCRETE_INDEX (CONCRETE_ID, INSURER_ID , INDEX_ID , PERIOD_ID , VALUE) VALUES (146, 2, 8, 2, -1.81);
INSERT INTO CONCRETE_INDEX (CONCRETE_ID, INSURER_ID , INDEX_ID , PERIOD_ID , VALUE) VALUES (147, 2, 8, 3, -4.92);
INSERT INTO CONCRETE_INDEX (CONCRETE_ID, INSURER_ID , INDEX_ID , PERIOD_ID , VALUE) VALUES (148, 2, 8, 4, 1.21);
INSERT INTO CONCRETE_INDEX (CONCRETE_ID, INSURER_ID , INDEX_ID , PERIOD_ID , VALUE) VALUES (149, 2, 8, 5, -4.34);
INSERT INTO CONCRETE_INDEX (CONCRETE_ID, INSURER_ID , INDEX_ID , PERIOD_ID , VALUE) VALUES (150, 2, 8, 6, 0.93);
INSERT INTO CONCRETE_INDEX (CONCRETE_ID, INSURER_ID , INDEX_ID , PERIOD_ID , VALUE) VALUES (151, 2, 8, 7, 3.13);
INSERT INTO CONCRETE_INDEX (CONCRETE_ID, INSURER_ID , INDEX_ID , PERIOD_ID , VALUE) VALUES (152, 2, 8, 8, 1.19);
INSERT INTO CONCRETE_INDEX (CONCRETE_ID, INSURER_ID , INDEX_ID , PERIOD_ID , VALUE) VALUES (153, 2, 9, 1, 1.36);
INSERT INTO CONCRETE_INDEX (CONCRETE_ID, INSURER_ID , INDEX_ID , PERIOD_ID , VALUE) VALUES (154, 2, 9, 2, -4.88);
INSERT INTO CONCRETE_INDEX (CONCRETE_ID, INSURER_ID , INDEX_ID , PERIOD_ID , VALUE) VALUES (155, 2, 9, 3, -0.88);
INSERT INTO CONCRETE_INDEX (CONCRETE_ID, INSURER_ID , INDEX_ID , PERIOD_ID , VALUE) VALUES (156, 2, 9, 4, -2.62);
INSERT INTO CONCRETE_INDEX (CONCRETE_ID, INSURER_ID , INDEX_ID , PERIOD_ID , VALUE) VALUES (157, 2, 9, 5, -0.97);
INSERT INTO CONCRETE_INDEX (CONCRETE_ID, INSURER_ID , INDEX_ID , PERIOD_ID , VALUE) VALUES (158, 2, 9, 6, 0.37);
INSERT INTO CONCRETE_INDEX (CONCRETE_ID, INSURER_ID , INDEX_ID , PERIOD_ID , VALUE) VALUES (159, 2, 9, 7, 2.57);
INSERT INTO CONCRETE_INDEX (CONCRETE_ID, INSURER_ID , INDEX_ID , PERIOD_ID , VALUE) VALUES (160, 2, 9, 8, -2.76);
INSERT INTO CONCRETE_INDEX (CONCRETE_ID, INSURER_ID , INDEX_ID , PERIOD_ID , VALUE) VALUES (161, 2, 10, 1, 4.88);
INSERT INTO CONCRETE_INDEX (CONCRETE_ID, INSURER_ID , INDEX_ID , PERIOD_ID , VALUE) VALUES (162, 2, 10, 2, 4.30);
INSERT INTO CONCRETE_INDEX (CONCRETE_ID, INSURER_ID , INDEX_ID , PERIOD_ID , VALUE) VALUES (163, 2, 10, 3, 2.38);
INSERT INTO CONCRETE_INDEX (CONCRETE_ID, INSURER_ID , INDEX_ID , PERIOD_ID , VALUE) VALUES (164, 2, 10, 4, 1.67);
INSERT INTO CONCRETE_INDEX (CONCRETE_ID, INSURER_ID , INDEX_ID , PERIOD_ID , VALUE) VALUES (165, 2, 10, 5, -0.66);
INSERT INTO CONCRETE_INDEX (CONCRETE_ID, INSURER_ID , INDEX_ID , PERIOD_ID , VALUE) VALUES (166, 2, 10, 6, -2.50);
INSERT INTO CONCRETE_INDEX (CONCRETE_ID, INSURER_ID , INDEX_ID , PERIOD_ID , VALUE) VALUES (167, 2, 10, 7, -2.52);
INSERT INTO CONCRETE_INDEX (CONCRETE_ID, INSURER_ID , INDEX_ID , PERIOD_ID , VALUE) VALUES (168, 2, 10, 8, 4.55);
INSERT INTO CONCRETE_INDEX (CONCRETE_ID, INSURER_ID , INDEX_ID , PERIOD_ID , VALUE) VALUES (169, 2, 11, 1, 0.06);
INSERT INTO CONCRETE_INDEX (CONCRETE_ID, INSURER_ID , INDEX_ID , PERIOD_ID , VALUE) VALUES (170, 2, 11, 2, 0.79);
INSERT INTO CONCRETE_INDEX (CONCRETE_ID, INSURER_ID , INDEX_ID , PERIOD_ID , VALUE) VALUES (171, 2, 11, 3, 2.63);
INSERT INTO CONCRETE_INDEX (CONCRETE_ID, INSURER_ID , INDEX_ID , PERIOD_ID , VALUE) VALUES (172, 2, 11, 4, -1.09);
INSERT INTO CONCRETE_INDEX (CONCRETE_ID, INSURER_ID , INDEX_ID , PERIOD_ID , VALUE) VALUES (173, 2, 11, 5, -1.91);
INSERT INTO CONCRETE_INDEX (CONCRETE_ID, INSURER_ID , INDEX_ID , PERIOD_ID , VALUE) VALUES (174, 2, 11, 6, 4.64);
INSERT INTO CONCRETE_INDEX (CONCRETE_ID, INSURER_ID , INDEX_ID , PERIOD_ID , VALUE) VALUES (175, 2, 11, 7, -1.68);
INSERT INTO CONCRETE_INDEX (CONCRETE_ID, INSURER_ID , INDEX_ID , PERIOD_ID , VALUE) VALUES (176, 2, 11, 8, -4.07);
INSERT INTO CONCRETE_INDEX (CONCRETE_ID, INSURER_ID , INDEX_ID , PERIOD_ID , VALUE) VALUES (177, 3, 1, 1, -3.36);
INSERT INTO CONCRETE_INDEX (CONCRETE_ID, INSURER_ID , INDEX_ID , PERIOD_ID , VALUE) VALUES (178, 3, 1, 2, 4.17);
INSERT INTO CONCRETE_INDEX (CONCRETE_ID, INSURER_ID , INDEX_ID , PERIOD_ID , VALUE) VALUES (179, 3, 1, 3, 2.03);
INSERT INTO CONCRETE_INDEX (CONCRETE_ID, INSURER_ID , INDEX_ID , PERIOD_ID , VALUE) VALUES (180, 3, 1, 4, 4.61);
INSERT INTO CONCRETE_INDEX (CONCRETE_ID, INSURER_ID , INDEX_ID , PERIOD_ID , VALUE) VALUES (181, 3, 1, 5, 0.15);
INSERT INTO CONCRETE_INDEX (CONCRETE_ID, INSURER_ID , INDEX_ID , PERIOD_ID , VALUE) VALUES (182, 3, 1, 6, -4.67);
INSERT INTO CONCRETE_INDEX (CONCRETE_ID, INSURER_ID , INDEX_ID , PERIOD_ID , VALUE) VALUES (183, 3, 1, 7, -2.33);
INSERT INTO CONCRETE_INDEX (CONCRETE_ID, INSURER_ID , INDEX_ID , PERIOD_ID , VALUE) VALUES (184, 3, 1, 8, 4.98);
INSERT INTO CONCRETE_INDEX (CONCRETE_ID, INSURER_ID , INDEX_ID , PERIOD_ID , VALUE) VALUES (185, 3, 2, 1, -4.57);
INSERT INTO CONCRETE_INDEX (CONCRETE_ID, INSURER_ID , INDEX_ID , PERIOD_ID , VALUE) VALUES (186, 3, 2, 2, -1.04);
INSERT INTO CONCRETE_INDEX (CONCRETE_ID, INSURER_ID , INDEX_ID , PERIOD_ID , VALUE) VALUES (187, 3, 2, 3, 1.58);
INSERT INTO CONCRETE_INDEX (CONCRETE_ID, INSURER_ID , INDEX_ID , PERIOD_ID , VALUE) VALUES (188, 3, 2, 4, -2.00);
INSERT INTO CONCRETE_INDEX (CONCRETE_ID, INSURER_ID , INDEX_ID , PERIOD_ID , VALUE) VALUES (189, 3, 2, 5, -2.42);
INSERT INTO CONCRETE_INDEX (CONCRETE_ID, INSURER_ID , INDEX_ID , PERIOD_ID , VALUE) VALUES (190, 3, 2, 6, 0.07);
INSERT INTO CONCRETE_INDEX (CONCRETE_ID, INSURER_ID , INDEX_ID , PERIOD_ID , VALUE) VALUES (191, 3, 2, 7, -3.51);
INSERT INTO CONCRETE_INDEX (CONCRETE_ID, INSURER_ID , INDEX_ID , PERIOD_ID , VALUE) VALUES (192, 3, 2, 8, -1.79);
INSERT INTO CONCRETE_INDEX (CONCRETE_ID, INSURER_ID , INDEX_ID , PERIOD_ID , VALUE) VALUES (193, 3, 3, 1, 0.99);
INSERT INTO CONCRETE_INDEX (CONCRETE_ID, INSURER_ID , INDEX_ID , PERIOD_ID , VALUE) VALUES (194, 3, 3, 2, -1.21);
INSERT INTO CONCRETE_INDEX (CONCRETE_ID, INSURER_ID , INDEX_ID , PERIOD_ID , VALUE) VALUES (195, 3, 3, 3, -0.95);
INSERT INTO CONCRETE_INDEX (CONCRETE_ID, INSURER_ID , INDEX_ID , PERIOD_ID , VALUE) VALUES (196, 3, 3, 4, 3.44);
INSERT INTO CONCRETE_INDEX (CONCRETE_ID, INSURER_ID , INDEX_ID , PERIOD_ID , VALUE) VALUES (197, 3, 3, 5, -0.47);
INSERT INTO CONCRETE_INDEX (CONCRETE_ID, INSURER_ID , INDEX_ID , PERIOD_ID , VALUE) VALUES (198, 3, 3, 6, -1.60);
INSERT INTO CONCRETE_INDEX (CONCRETE_ID, INSURER_ID , INDEX_ID , PERIOD_ID , VALUE) VALUES (199, 3, 3, 7, 2.97);
INSERT INTO CONCRETE_INDEX (CONCRETE_ID, INSURER_ID , INDEX_ID , PERIOD_ID , VALUE) VALUES (200, 3, 3, 8, -2.58);
INSERT INTO CONCRETE_INDEX (CONCRETE_ID, INSURER_ID , INDEX_ID , PERIOD_ID , VALUE) VALUES (201, 3, 4, 1, 0.95);
INSERT INTO CONCRETE_INDEX (CONCRETE_ID, INSURER_ID , INDEX_ID , PERIOD_ID , VALUE) VALUES (202, 3, 4, 2, 2.69);
INSERT INTO CONCRETE_INDEX (CONCRETE_ID, INSURER_ID , INDEX_ID , PERIOD_ID , VALUE) VALUES (203, 3, 4, 3, -2.98);
INSERT INTO CONCRETE_INDEX (CONCRETE_ID, INSURER_ID , INDEX_ID , PERIOD_ID , VALUE) VALUES (204, 3, 4, 4, -3.05);
INSERT INTO CONCRETE_INDEX (CONCRETE_ID, INSURER_ID , INDEX_ID , PERIOD_ID , VALUE) VALUES (205, 3, 4, 5, -2.64);
INSERT INTO CONCRETE_INDEX (CONCRETE_ID, INSURER_ID , INDEX_ID , PERIOD_ID , VALUE) VALUES (206, 3, 4, 6, 2.33);
INSERT INTO CONCRETE_INDEX (CONCRETE_ID, INSURER_ID , INDEX_ID , PERIOD_ID , VALUE) VALUES (207, 3, 4, 7, -3.15);
INSERT INTO CONCRETE_INDEX (CONCRETE_ID, INSURER_ID , INDEX_ID , PERIOD_ID , VALUE) VALUES (208, 3, 4, 8, -4.75);
INSERT INTO CONCRETE_INDEX (CONCRETE_ID, INSURER_ID , INDEX_ID , PERIOD_ID , VALUE) VALUES (209, 3, 5, 1, -2.41);
INSERT INTO CONCRETE_INDEX (CONCRETE_ID, INSURER_ID , INDEX_ID , PERIOD_ID , VALUE) VALUES (210, 3, 5, 2, 4.87);
INSERT INTO CONCRETE_INDEX (CONCRETE_ID, INSURER_ID , INDEX_ID , PERIOD_ID , VALUE) VALUES (211, 3, 5, 3, -0.25);
INSERT INTO CONCRETE_INDEX (CONCRETE_ID, INSURER_ID , INDEX_ID , PERIOD_ID , VALUE) VALUES (212, 3, 5, 4, -2.89);
INSERT INTO CONCRETE_INDEX (CONCRETE_ID, INSURER_ID , INDEX_ID , PERIOD_ID , VALUE) VALUES (213, 3, 5, 5, -2.60);
INSERT INTO CONCRETE_INDEX (CONCRETE_ID, INSURER_ID , INDEX_ID , PERIOD_ID , VALUE) VALUES (214, 3, 5, 6, -1.69);
INSERT INTO CONCRETE_INDEX (CONCRETE_ID, INSURER_ID , INDEX_ID , PERIOD_ID , VALUE) VALUES (215, 3, 5, 7, 4.31);
INSERT INTO CONCRETE_INDEX (CONCRETE_ID, INSURER_ID , INDEX_ID , PERIOD_ID , VALUE) VALUES (216, 3, 5, 8, -0.67);
INSERT INTO CONCRETE_INDEX (CONCRETE_ID, INSURER_ID , INDEX_ID , PERIOD_ID , VALUE) VALUES (217, 3, 6, 1, 0.36);
INSERT INTO CONCRETE_INDEX (CONCRETE_ID, INSURER_ID , INDEX_ID , PERIOD_ID , VALUE) VALUES (218, 3, 6, 2, 1.49);
INSERT INTO CONCRETE_INDEX (CONCRETE_ID, INSURER_ID , INDEX_ID , PERIOD_ID , VALUE) VALUES (219, 3, 6, 3, 0.51);
INSERT INTO CONCRETE_INDEX (CONCRETE_ID, INSURER_ID , INDEX_ID , PERIOD_ID , VALUE) VALUES (220, 3, 6, 4, 2.12);
INSERT INTO CONCRETE_INDEX (CONCRETE_ID, INSURER_ID , INDEX_ID , PERIOD_ID , VALUE) VALUES (221, 3, 6, 5, -4.23);
INSERT INTO CONCRETE_INDEX (CONCRETE_ID, INSURER_ID , INDEX_ID , PERIOD_ID , VALUE) VALUES (222, 3, 6, 6, -2.17);
INSERT INTO CONCRETE_INDEX (CONCRETE_ID, INSURER_ID , INDEX_ID , PERIOD_ID , VALUE) VALUES (223, 3, 6, 7, 1.22);
INSERT INTO CONCRETE_INDEX (CONCRETE_ID, INSURER_ID , INDEX_ID , PERIOD_ID , VALUE) VALUES (224, 3, 6, 8, 3.29);
INSERT INTO CONCRETE_INDEX (CONCRETE_ID, INSURER_ID , INDEX_ID , PERIOD_ID , VALUE) VALUES (225, 3, 7, 1, -0.25);
INSERT INTO CONCRETE_INDEX (CONCRETE_ID, INSURER_ID , INDEX_ID , PERIOD_ID , VALUE) VALUES (226, 3, 7, 2, 0.57);
INSERT INTO CONCRETE_INDEX (CONCRETE_ID, INSURER_ID , INDEX_ID , PERIOD_ID , VALUE) VALUES (227, 3, 7, 3, 3.27);
INSERT INTO CONCRETE_INDEX (CONCRETE_ID, INSURER_ID , INDEX_ID , PERIOD_ID , VALUE) VALUES (228, 3, 7, 4, -2.77);
INSERT INTO CONCRETE_INDEX (CONCRETE_ID, INSURER_ID , INDEX_ID , PERIOD_ID , VALUE) VALUES (229, 3, 7, 5, 2.31);
INSERT INTO CONCRETE_INDEX (CONCRETE_ID, INSURER_ID , INDEX_ID , PERIOD_ID , VALUE) VALUES (230, 3, 7, 6, -1.16);
INSERT INTO CONCRETE_INDEX (CONCRETE_ID, INSURER_ID , INDEX_ID , PERIOD_ID , VALUE) VALUES (231, 3, 7, 7, 4.76);
INSERT INTO CONCRETE_INDEX (CONCRETE_ID, INSURER_ID , INDEX_ID , PERIOD_ID , VALUE) VALUES (232, 3, 7, 8, 4.86);
INSERT INTO CONCRETE_INDEX (CONCRETE_ID, INSURER_ID , INDEX_ID , PERIOD_ID , VALUE) VALUES (233, 3, 8, 1, -3.79);
INSERT INTO CONCRETE_INDEX (CONCRETE_ID, INSURER_ID , INDEX_ID , PERIOD_ID , VALUE) VALUES (234, 3, 8, 2, 3.74);
INSERT INTO CONCRETE_INDEX (CONCRETE_ID, INSURER_ID , INDEX_ID , PERIOD_ID , VALUE) VALUES (235, 3, 8, 3, -4.94);
INSERT INTO CONCRETE_INDEX (CONCRETE_ID, INSURER_ID , INDEX_ID , PERIOD_ID , VALUE) VALUES (236, 3, 8, 4, -0.67);
INSERT INTO CONCRETE_INDEX (CONCRETE_ID, INSURER_ID , INDEX_ID , PERIOD_ID , VALUE) VALUES (237, 3, 8, 5, 3.25);
INSERT INTO CONCRETE_INDEX (CONCRETE_ID, INSURER_ID , INDEX_ID , PERIOD_ID , VALUE) VALUES (238, 3, 8, 6, 3.04);
INSERT INTO CONCRETE_INDEX (CONCRETE_ID, INSURER_ID , INDEX_ID , PERIOD_ID , VALUE) VALUES (239, 3, 8, 7, -3.62);
INSERT INTO CONCRETE_INDEX (CONCRETE_ID, INSURER_ID , INDEX_ID , PERIOD_ID , VALUE) VALUES (240, 3, 8, 8, 4.23);
INSERT INTO CONCRETE_INDEX (CONCRETE_ID, INSURER_ID , INDEX_ID , PERIOD_ID , VALUE) VALUES (241, 3, 9, 1, -0.41);
INSERT INTO CONCRETE_INDEX (CONCRETE_ID, INSURER_ID , INDEX_ID , PERIOD_ID , VALUE) VALUES (242, 3, 9, 2, 0.86);
INSERT INTO CONCRETE_INDEX (CONCRETE_ID, INSURER_ID , INDEX_ID , PERIOD_ID , VALUE) VALUES (243, 3, 9, 3, -1.86);
INSERT INTO CONCRETE_INDEX (CONCRETE_ID, INSURER_ID , INDEX_ID , PERIOD_ID , VALUE) VALUES (244, 3, 9, 4, -2.04);
INSERT INTO CONCRETE_INDEX (CONCRETE_ID, INSURER_ID , INDEX_ID , PERIOD_ID , VALUE) VALUES (245, 3, 9, 5, 4.69);
INSERT INTO CONCRETE_INDEX (CONCRETE_ID, INSURER_ID , INDEX_ID , PERIOD_ID , VALUE) VALUES (246, 3, 9, 6, -3.67);
INSERT INTO CONCRETE_INDEX (CONCRETE_ID, INSURER_ID , INDEX_ID , PERIOD_ID , VALUE) VALUES (247, 3, 9, 7, 1.04);
INSERT INTO CONCRETE_INDEX (CONCRETE_ID, INSURER_ID , INDEX_ID , PERIOD_ID , VALUE) VALUES (248, 3, 9, 8, -1.88);
INSERT INTO CONCRETE_INDEX (CONCRETE_ID, INSURER_ID , INDEX_ID , PERIOD_ID , VALUE) VALUES (249, 3, 10, 1, -2.26);
INSERT INTO CONCRETE_INDEX (CONCRETE_ID, INSURER_ID , INDEX_ID , PERIOD_ID , VALUE) VALUES (250, 3, 10, 2, 1.23);
INSERT INTO CONCRETE_INDEX (CONCRETE_ID, INSURER_ID , INDEX_ID , PERIOD_ID , VALUE) VALUES (251, 3, 10, 3, 3.36);
INSERT INTO CONCRETE_INDEX (CONCRETE_ID, INSURER_ID , INDEX_ID , PERIOD_ID , VALUE) VALUES (252, 3, 10, 4, 4.46);
INSERT INTO CONCRETE_INDEX (CONCRETE_ID, INSURER_ID , INDEX_ID , PERIOD_ID , VALUE) VALUES (253, 3, 10, 5, 1.39);
INSERT INTO CONCRETE_INDEX (CONCRETE_ID, INSURER_ID , INDEX_ID , PERIOD_ID , VALUE) VALUES (254, 3, 10, 6, 2.24);
INSERT INTO CONCRETE_INDEX (CONCRETE_ID, INSURER_ID , INDEX_ID , PERIOD_ID , VALUE) VALUES (255, 3, 10, 7, 0.59);
INSERT INTO CONCRETE_INDEX (CONCRETE_ID, INSURER_ID , INDEX_ID , PERIOD_ID , VALUE) VALUES (256, 3, 10, 8, -2.37);
INSERT INTO CONCRETE_INDEX (CONCRETE_ID, INSURER_ID , INDEX_ID , PERIOD_ID , VALUE) VALUES (257, 3, 11, 1, 4.87);
INSERT INTO CONCRETE_INDEX (CONCRETE_ID, INSURER_ID , INDEX_ID , PERIOD_ID , VALUE) VALUES (258, 3, 11, 2, -2.53);
INSERT INTO CONCRETE_INDEX (CONCRETE_ID, INSURER_ID , INDEX_ID , PERIOD_ID , VALUE) VALUES (259, 3, 11, 3, -1.47);
INSERT INTO CONCRETE_INDEX (CONCRETE_ID, INSURER_ID , INDEX_ID , PERIOD_ID , VALUE) VALUES (260, 3, 11, 4, 3.58);
INSERT INTO CONCRETE_INDEX (CONCRETE_ID, INSURER_ID , INDEX_ID , PERIOD_ID , VALUE) VALUES (261, 3, 11, 5, -1.96);
INSERT INTO CONCRETE_INDEX (CONCRETE_ID, INSURER_ID , INDEX_ID , PERIOD_ID , VALUE) VALUES (262, 3, 11, 6, 0.93);
INSERT INTO CONCRETE_INDEX (CONCRETE_ID, INSURER_ID , INDEX_ID , PERIOD_ID , VALUE) VALUES (263, 3, 11, 7, 1.34);
INSERT INTO CONCRETE_INDEX (CONCRETE_ID, INSURER_ID , INDEX_ID , PERIOD_ID , VALUE) VALUES (264, 3, 11, 8, 0.27);
INSERT INTO CONCRETE_INDEX (CONCRETE_ID, INSURER_ID , INDEX_ID , PERIOD_ID , VALUE) VALUES (265, 4, 1, 1, 3.02);
INSERT INTO CONCRETE_INDEX (CONCRETE_ID, INSURER_ID , INDEX_ID , PERIOD_ID , VALUE) VALUES (266, 4, 1, 2, 0.71);
INSERT INTO CONCRETE_INDEX (CONCRETE_ID, INSURER_ID , INDEX_ID , PERIOD_ID , VALUE) VALUES (267, 4, 1, 3, -1.52);
INSERT INTO CONCRETE_INDEX (CONCRETE_ID, INSURER_ID , INDEX_ID , PERIOD_ID , VALUE) VALUES (268, 4, 1, 4, 4.23);
INSERT INTO CONCRETE_INDEX (CONCRETE_ID, INSURER_ID , INDEX_ID , PERIOD_ID , VALUE) VALUES (269, 4, 1, 5, 2.52);
INSERT INTO CONCRETE_INDEX (CONCRETE_ID, INSURER_ID , INDEX_ID , PERIOD_ID , VALUE) VALUES (270, 4, 1, 6, -1.56);
INSERT INTO CONCRETE_INDEX (CONCRETE_ID, INSURER_ID , INDEX_ID , PERIOD_ID , VALUE) VALUES (271, 4, 1, 7, -1.25);
INSERT INTO CONCRETE_INDEX (CONCRETE_ID, INSURER_ID , INDEX_ID , PERIOD_ID , VALUE) VALUES (272, 4, 1, 8, -0.74);
INSERT INTO CONCRETE_INDEX (CONCRETE_ID, INSURER_ID , INDEX_ID , PERIOD_ID , VALUE) VALUES (273, 4, 2, 1, 2.63);
INSERT INTO CONCRETE_INDEX (CONCRETE_ID, INSURER_ID , INDEX_ID , PERIOD_ID , VALUE) VALUES (274, 4, 2, 2, -1.69);
INSERT INTO CONCRETE_INDEX (CONCRETE_ID, INSURER_ID , INDEX_ID , PERIOD_ID , VALUE) VALUES (275, 4, 2, 3, -4.49);
INSERT INTO CONCRETE_INDEX (CONCRETE_ID, INSURER_ID , INDEX_ID , PERIOD_ID , VALUE) VALUES (276, 4, 2, 4, -1.29);
INSERT INTO CONCRETE_INDEX (CONCRETE_ID, INSURER_ID , INDEX_ID , PERIOD_ID , VALUE) VALUES (277, 4, 2, 5, 3.17);
INSERT INTO CONCRETE_INDEX (CONCRETE_ID, INSURER_ID , INDEX_ID , PERIOD_ID , VALUE) VALUES (278, 4, 2, 6, 3.63);
INSERT INTO CONCRETE_INDEX (CONCRETE_ID, INSURER_ID , INDEX_ID , PERIOD_ID , VALUE) VALUES (279, 4, 2, 7, 4.11);
INSERT INTO CONCRETE_INDEX (CONCRETE_ID, INSURER_ID , INDEX_ID , PERIOD_ID , VALUE) VALUES (280, 4, 2, 8, -4.38);
INSERT INTO CONCRETE_INDEX (CONCRETE_ID, INSURER_ID , INDEX_ID , PERIOD_ID , VALUE) VALUES (281, 4, 3, 1, 0.28);
INSERT INTO CONCRETE_INDEX (CONCRETE_ID, INSURER_ID , INDEX_ID , PERIOD_ID , VALUE) VALUES (282, 4, 3, 2, -2.45);
INSERT INTO CONCRETE_INDEX (CONCRETE_ID, INSURER_ID , INDEX_ID , PERIOD_ID , VALUE) VALUES (283, 4, 3, 3, 1.90);
INSERT INTO CONCRETE_INDEX (CONCRETE_ID, INSURER_ID , INDEX_ID , PERIOD_ID , VALUE) VALUES (284, 4, 3, 4, 2.14);
INSERT INTO CONCRETE_INDEX (CONCRETE_ID, INSURER_ID , INDEX_ID , PERIOD_ID , VALUE) VALUES (285, 4, 3, 5, 4.82);
INSERT INTO CONCRETE_INDEX (CONCRETE_ID, INSURER_ID , INDEX_ID , PERIOD_ID , VALUE) VALUES (286, 4, 3, 6, 2.76);
INSERT INTO CONCRETE_INDEX (CONCRETE_ID, INSURER_ID , INDEX_ID , PERIOD_ID , VALUE) VALUES (287, 4, 3, 7, 1.23);
INSERT INTO CONCRETE_INDEX (CONCRETE_ID, INSURER_ID , INDEX_ID , PERIOD_ID , VALUE) VALUES (288, 4, 3, 8, 0.96);
INSERT INTO CONCRETE_INDEX (CONCRETE_ID, INSURER_ID , INDEX_ID , PERIOD_ID , VALUE) VALUES (289, 4, 4, 1, 4.60);
INSERT INTO CONCRETE_INDEX (CONCRETE_ID, INSURER_ID , INDEX_ID , PERIOD_ID , VALUE) VALUES (290, 4, 4, 2, 1.61);
INSERT INTO CONCRETE_INDEX (CONCRETE_ID, INSURER_ID , INDEX_ID , PERIOD_ID , VALUE) VALUES (291, 4, 4, 3, -1.82);
INSERT INTO CONCRETE_INDEX (CONCRETE_ID, INSURER_ID , INDEX_ID , PERIOD_ID , VALUE) VALUES (292, 4, 4, 4, -3.71);
INSERT INTO CONCRETE_INDEX (CONCRETE_ID, INSURER_ID , INDEX_ID , PERIOD_ID , VALUE) VALUES (293, 4, 4, 5, 0.40);
INSERT INTO CONCRETE_INDEX (CONCRETE_ID, INSURER_ID , INDEX_ID , PERIOD_ID , VALUE) VALUES (294, 4, 4, 6, 4.06);
INSERT INTO CONCRETE_INDEX (CONCRETE_ID, INSURER_ID , INDEX_ID , PERIOD_ID , VALUE) VALUES (295, 4, 4, 7, 3.06);
INSERT INTO CONCRETE_INDEX (CONCRETE_ID, INSURER_ID , INDEX_ID , PERIOD_ID , VALUE) VALUES (296, 4, 4, 8, 1.64);
INSERT INTO CONCRETE_INDEX (CONCRETE_ID, INSURER_ID , INDEX_ID , PERIOD_ID , VALUE) VALUES (297, 4, 5, 1, 3.60);
INSERT INTO CONCRETE_INDEX (CONCRETE_ID, INSURER_ID , INDEX_ID , PERIOD_ID , VALUE) VALUES (298, 4, 5, 2, -3.58);
INSERT INTO CONCRETE_INDEX (CONCRETE_ID, INSURER_ID , INDEX_ID , PERIOD_ID , VALUE) VALUES (299, 4, 5, 3, 3.93);
INSERT INTO CONCRETE_INDEX (CONCRETE_ID, INSURER_ID , INDEX_ID , PERIOD_ID , VALUE) VALUES (300, 4, 5, 4, 4.70);
INSERT INTO CONCRETE_INDEX (CONCRETE_ID, INSURER_ID , INDEX_ID , PERIOD_ID , VALUE) VALUES (301, 4, 5, 5, -2.07);
INSERT INTO CONCRETE_INDEX (CONCRETE_ID, INSURER_ID , INDEX_ID , PERIOD_ID , VALUE) VALUES (302, 4, 5, 6, -2.94);
INSERT INTO CONCRETE_INDEX (CONCRETE_ID, INSURER_ID , INDEX_ID , PERIOD_ID , VALUE) VALUES (303, 4, 5, 7, 1.22);
INSERT INTO CONCRETE_INDEX (CONCRETE_ID, INSURER_ID , INDEX_ID , PERIOD_ID , VALUE) VALUES (304, 4, 5, 8, -2.92);
INSERT INTO CONCRETE_INDEX (CONCRETE_ID, INSURER_ID , INDEX_ID , PERIOD_ID , VALUE) VALUES (305, 4, 6, 1, -0.73);
INSERT INTO CONCRETE_INDEX (CONCRETE_ID, INSURER_ID , INDEX_ID , PERIOD_ID , VALUE) VALUES (306, 4, 6, 2, -0.55);
INSERT INTO CONCRETE_INDEX (CONCRETE_ID, INSURER_ID , INDEX_ID , PERIOD_ID , VALUE) VALUES (307, 4, 6, 3, -0.36);
INSERT INTO CONCRETE_INDEX (CONCRETE_ID, INSURER_ID , INDEX_ID , PERIOD_ID , VALUE) VALUES (308, 4, 6, 4, -1.80);
INSERT INTO CONCRETE_INDEX (CONCRETE_ID, INSURER_ID , INDEX_ID , PERIOD_ID , VALUE) VALUES (309, 4, 6, 5, 4.82);
INSERT INTO CONCRETE_INDEX (CONCRETE_ID, INSURER_ID , INDEX_ID , PERIOD_ID , VALUE) VALUES (310, 4, 6, 6, 4.26);
INSERT INTO CONCRETE_INDEX (CONCRETE_ID, INSURER_ID , INDEX_ID , PERIOD_ID , VALUE) VALUES (311, 4, 6, 7, 3.29);
INSERT INTO CONCRETE_INDEX (CONCRETE_ID, INSURER_ID , INDEX_ID , PERIOD_ID , VALUE) VALUES (312, 4, 6, 8, -2.02);
INSERT INTO CONCRETE_INDEX (CONCRETE_ID, INSURER_ID , INDEX_ID , PERIOD_ID , VALUE) VALUES (313, 4, 7, 1, -2.25);
INSERT INTO CONCRETE_INDEX (CONCRETE_ID, INSURER_ID , INDEX_ID , PERIOD_ID , VALUE) VALUES (314, 4, 7, 2, 4.14);
INSERT INTO CONCRETE_INDEX (CONCRETE_ID, INSURER_ID , INDEX_ID , PERIOD_ID , VALUE) VALUES (315, 4, 7, 3, 1.53);
INSERT INTO CONCRETE_INDEX (CONCRETE_ID, INSURER_ID , INDEX_ID , PERIOD_ID , VALUE) VALUES (316, 4, 7, 4, 2.74);
INSERT INTO CONCRETE_INDEX (CONCRETE_ID, INSURER_ID , INDEX_ID , PERIOD_ID , VALUE) VALUES (317, 4, 7, 5, 4.07);
INSERT INTO CONCRETE_INDEX (CONCRETE_ID, INSURER_ID , INDEX_ID , PERIOD_ID , VALUE) VALUES (318, 4, 7, 6, 4.88);
INSERT INTO CONCRETE_INDEX (CONCRETE_ID, INSURER_ID , INDEX_ID , PERIOD_ID , VALUE) VALUES (319, 4, 7, 7, -4.11);
INSERT INTO CONCRETE_INDEX (CONCRETE_ID, INSURER_ID , INDEX_ID , PERIOD_ID , VALUE) VALUES (320, 4, 7, 8, 2.25);
INSERT INTO CONCRETE_INDEX (CONCRETE_ID, INSURER_ID , INDEX_ID , PERIOD_ID , VALUE) VALUES (321, 4, 8, 1, -4.13);
INSERT INTO CONCRETE_INDEX (CONCRETE_ID, INSURER_ID , INDEX_ID , PERIOD_ID , VALUE) VALUES (322, 4, 8, 2, -3.93);
INSERT INTO CONCRETE_INDEX (CONCRETE_ID, INSURER_ID , INDEX_ID , PERIOD_ID , VALUE) VALUES (323, 4, 8, 3, 2.86);
INSERT INTO CONCRETE_INDEX (CONCRETE_ID, INSURER_ID , INDEX_ID , PERIOD_ID , VALUE) VALUES (324, 4, 8, 4, 3.61);
INSERT INTO CONCRETE_INDEX (CONCRETE_ID, INSURER_ID , INDEX_ID , PERIOD_ID , VALUE) VALUES (325, 4, 8, 5, -0.49);
INSERT INTO CONCRETE_INDEX (CONCRETE_ID, INSURER_ID , INDEX_ID , PERIOD_ID , VALUE) VALUES (326, 4, 8, 6, 3.09);
INSERT INTO CONCRETE_INDEX (CONCRETE_ID, INSURER_ID , INDEX_ID , PERIOD_ID , VALUE) VALUES (327, 4, 8, 7, 3.52);
INSERT INTO CONCRETE_INDEX (CONCRETE_ID, INSURER_ID , INDEX_ID , PERIOD_ID , VALUE) VALUES (328, 4, 8, 8, -0.68);
INSERT INTO CONCRETE_INDEX (CONCRETE_ID, INSURER_ID , INDEX_ID , PERIOD_ID , VALUE) VALUES (329, 4, 9, 1, -2.59);
INSERT INTO CONCRETE_INDEX (CONCRETE_ID, INSURER_ID , INDEX_ID , PERIOD_ID , VALUE) VALUES (330, 4, 9, 2, -0.50);
INSERT INTO CONCRETE_INDEX (CONCRETE_ID, INSURER_ID , INDEX_ID , PERIOD_ID , VALUE) VALUES (331, 4, 9, 3, -1.51);
INSERT INTO CONCRETE_INDEX (CONCRETE_ID, INSURER_ID , INDEX_ID , PERIOD_ID , VALUE) VALUES (332, 4, 9, 4, 3.00);
INSERT INTO CONCRETE_INDEX (CONCRETE_ID, INSURER_ID , INDEX_ID , PERIOD_ID , VALUE) VALUES (333, 4, 9, 5, -0.39);
INSERT INTO CONCRETE_INDEX (CONCRETE_ID, INSURER_ID , INDEX_ID , PERIOD_ID , VALUE) VALUES (334, 4, 9, 6, -4.28);
INSERT INTO CONCRETE_INDEX (CONCRETE_ID, INSURER_ID , INDEX_ID , PERIOD_ID , VALUE) VALUES (335, 4, 9, 7, -4.00);
INSERT INTO CONCRETE_INDEX (CONCRETE_ID, INSURER_ID , INDEX_ID , PERIOD_ID , VALUE) VALUES (336, 4, 9, 8, -4.31);
INSERT INTO CONCRETE_INDEX (CONCRETE_ID, INSURER_ID , INDEX_ID , PERIOD_ID , VALUE) VALUES (337, 4, 10, 1, 4.95);
INSERT INTO CONCRETE_INDEX (CONCRETE_ID, INSURER_ID , INDEX_ID , PERIOD_ID , VALUE) VALUES (338, 4, 10, 2, -4.48);
INSERT INTO CONCRETE_INDEX (CONCRETE_ID, INSURER_ID , INDEX_ID , PERIOD_ID , VALUE) VALUES (339, 4, 10, 3, 1.46);
INSERT INTO CONCRETE_INDEX (CONCRETE_ID, INSURER_ID , INDEX_ID , PERIOD_ID , VALUE) VALUES (340, 4, 10, 4, 0.01);
INSERT INTO CONCRETE_INDEX (CONCRETE_ID, INSURER_ID , INDEX_ID , PERIOD_ID , VALUE) VALUES (341, 4, 10, 5, 1.83);
INSERT INTO CONCRETE_INDEX (CONCRETE_ID, INSURER_ID , INDEX_ID , PERIOD_ID , VALUE) VALUES (342, 4, 10, 6, -3.40);
INSERT INTO CONCRETE_INDEX (CONCRETE_ID, INSURER_ID , INDEX_ID , PERIOD_ID , VALUE) VALUES (343, 4, 10, 7, -0.48);
INSERT INTO CONCRETE_INDEX (CONCRETE_ID, INSURER_ID , INDEX_ID , PERIOD_ID , VALUE) VALUES (344, 4, 10, 8, -2.69);
INSERT INTO CONCRETE_INDEX (CONCRETE_ID, INSURER_ID , INDEX_ID , PERIOD_ID , VALUE) VALUES (345, 4, 11, 1, -4.49);
INSERT INTO CONCRETE_INDEX (CONCRETE_ID, INSURER_ID , INDEX_ID , PERIOD_ID , VALUE) VALUES (346, 4, 11, 2, -4.82);
INSERT INTO CONCRETE_INDEX (CONCRETE_ID, INSURER_ID , INDEX_ID , PERIOD_ID , VALUE) VALUES (347, 4, 11, 3, 3.04);
INSERT INTO CONCRETE_INDEX (CONCRETE_ID, INSURER_ID , INDEX_ID , PERIOD_ID , VALUE) VALUES (348, 4, 11, 4, 4.90);
INSERT INTO CONCRETE_INDEX (CONCRETE_ID, INSURER_ID , INDEX_ID , PERIOD_ID , VALUE) VALUES (349, 4, 11, 5, 2.29);
INSERT INTO CONCRETE_INDEX (CONCRETE_ID, INSURER_ID , INDEX_ID , PERIOD_ID , VALUE) VALUES (350, 4, 11, 6, -2.32);
INSERT INTO CONCRETE_INDEX (CONCRETE_ID, INSURER_ID , INDEX_ID , PERIOD_ID , VALUE) VALUES (351, 4, 11, 7, -0.73);
INSERT INTO CONCRETE_INDEX (CONCRETE_ID, INSURER_ID , INDEX_ID , PERIOD_ID , VALUE) VALUES (352, 4, 11, 8, -3.13);
INSERT INTO CONCRETE_INDEX (CONCRETE_ID, INSURER_ID , INDEX_ID , PERIOD_ID , VALUE) VALUES (353, 5, 1, 1, 0.87);
INSERT INTO CONCRETE_INDEX (CONCRETE_ID, INSURER_ID , INDEX_ID , PERIOD_ID , VALUE) VALUES (354, 5, 1, 2, 4.09);
INSERT INTO CONCRETE_INDEX (CONCRETE_ID, INSURER_ID , INDEX_ID , PERIOD_ID , VALUE) VALUES (355, 5, 1, 3, 0.33);
INSERT INTO CONCRETE_INDEX (CONCRETE_ID, INSURER_ID , INDEX_ID , PERIOD_ID , VALUE) VALUES (356, 5, 1, 4, 1.95);
INSERT INTO CONCRETE_INDEX (CONCRETE_ID, INSURER_ID , INDEX_ID , PERIOD_ID , VALUE) VALUES (357, 5, 1, 5, -2.36);
INSERT INTO CONCRETE_INDEX (CONCRETE_ID, INSURER_ID , INDEX_ID , PERIOD_ID , VALUE) VALUES (358, 5, 1, 6, -0.88);
INSERT INTO CONCRETE_INDEX (CONCRETE_ID, INSURER_ID , INDEX_ID , PERIOD_ID , VALUE) VALUES (359, 5, 1, 7, 3.57);
INSERT INTO CONCRETE_INDEX (CONCRETE_ID, INSURER_ID , INDEX_ID , PERIOD_ID , VALUE) VALUES (360, 5, 1, 8, -3.69);
INSERT INTO CONCRETE_INDEX (CONCRETE_ID, INSURER_ID , INDEX_ID , PERIOD_ID , VALUE) VALUES (361, 5, 2, 1, -4.06);
INSERT INTO CONCRETE_INDEX (CONCRETE_ID, INSURER_ID , INDEX_ID , PERIOD_ID , VALUE) VALUES (362, 5, 2, 2, -3.23);
INSERT INTO CONCRETE_INDEX (CONCRETE_ID, INSURER_ID , INDEX_ID , PERIOD_ID , VALUE) VALUES (363, 5, 2, 3, -2.27);
INSERT INTO CONCRETE_INDEX (CONCRETE_ID, INSURER_ID , INDEX_ID , PERIOD_ID , VALUE) VALUES (364, 5, 2, 4, -2.54);
INSERT INTO CONCRETE_INDEX (CONCRETE_ID, INSURER_ID , INDEX_ID , PERIOD_ID , VALUE) VALUES (365, 5, 2, 5, -1.21);
INSERT INTO CONCRETE_INDEX (CONCRETE_ID, INSURER_ID , INDEX_ID , PERIOD_ID , VALUE) VALUES (366, 5, 2, 6, 3.34);
INSERT INTO CONCRETE_INDEX (CONCRETE_ID, INSURER_ID , INDEX_ID , PERIOD_ID , VALUE) VALUES (367, 5, 2, 7, 2.35);
INSERT INTO CONCRETE_INDEX (CONCRETE_ID, INSURER_ID , INDEX_ID , PERIOD_ID , VALUE) VALUES (368, 5, 2, 8, -2.27);
INSERT INTO CONCRETE_INDEX (CONCRETE_ID, INSURER_ID , INDEX_ID , PERIOD_ID , VALUE) VALUES (369, 5, 3, 1, 0.89);
INSERT INTO CONCRETE_INDEX (CONCRETE_ID, INSURER_ID , INDEX_ID , PERIOD_ID , VALUE) VALUES (370, 5, 3, 2, 2.17);
INSERT INTO CONCRETE_INDEX (CONCRETE_ID, INSURER_ID , INDEX_ID , PERIOD_ID , VALUE) VALUES (371, 5, 3, 3, 1.19);
INSERT INTO CONCRETE_INDEX (CONCRETE_ID, INSURER_ID , INDEX_ID , PERIOD_ID , VALUE) VALUES (372, 5, 3, 4, 2.44);
INSERT INTO CONCRETE_INDEX (CONCRETE_ID, INSURER_ID , INDEX_ID , PERIOD_ID , VALUE) VALUES (373, 5, 3, 5, -1.43);
INSERT INTO CONCRETE_INDEX (CONCRETE_ID, INSURER_ID , INDEX_ID , PERIOD_ID , VALUE) VALUES (374, 5, 3, 6, 0.29);
INSERT INTO CONCRETE_INDEX (CONCRETE_ID, INSURER_ID , INDEX_ID , PERIOD_ID , VALUE) VALUES (375, 5, 3, 7, -4.83);
INSERT INTO CONCRETE_INDEX (CONCRETE_ID, INSURER_ID , INDEX_ID , PERIOD_ID , VALUE) VALUES (376, 5, 3, 8, -1.81);
INSERT INTO CONCRETE_INDEX (CONCRETE_ID, INSURER_ID , INDEX_ID , PERIOD_ID , VALUE) VALUES (377, 5, 4, 1, -4.54);
INSERT INTO CONCRETE_INDEX (CONCRETE_ID, INSURER_ID , INDEX_ID , PERIOD_ID , VALUE) VALUES (378, 5, 4, 2, 3.81);
INSERT INTO CONCRETE_INDEX (CONCRETE_ID, INSURER_ID , INDEX_ID , PERIOD_ID , VALUE) VALUES (379, 5, 4, 3, -3.13);
INSERT INTO CONCRETE_INDEX (CONCRETE_ID, INSURER_ID , INDEX_ID , PERIOD_ID , VALUE) VALUES (380, 5, 4, 4, 1.46);
INSERT INTO CONCRETE_INDEX (CONCRETE_ID, INSURER_ID , INDEX_ID , PERIOD_ID , VALUE) VALUES (381, 5, 4, 5, -2.12);
INSERT INTO CONCRETE_INDEX (CONCRETE_ID, INSURER_ID , INDEX_ID , PERIOD_ID , VALUE) VALUES (382, 5, 4, 6, 4.02);
INSERT INTO CONCRETE_INDEX (CONCRETE_ID, INSURER_ID , INDEX_ID , PERIOD_ID , VALUE) VALUES (383, 5, 4, 7, -3.62);
INSERT INTO CONCRETE_INDEX (CONCRETE_ID, INSURER_ID , INDEX_ID , PERIOD_ID , VALUE) VALUES (384, 5, 4, 8, -3.76);
INSERT INTO CONCRETE_INDEX (CONCRETE_ID, INSURER_ID , INDEX_ID , PERIOD_ID , VALUE) VALUES (385, 5, 5, 1, -3.83);
INSERT INTO CONCRETE_INDEX (CONCRETE_ID, INSURER_ID , INDEX_ID , PERIOD_ID , VALUE) VALUES (386, 5, 5, 2, 0.74);
INSERT INTO CONCRETE_INDEX (CONCRETE_ID, INSURER_ID , INDEX_ID , PERIOD_ID , VALUE) VALUES (387, 5, 5, 3, -2.06);
INSERT INTO CONCRETE_INDEX (CONCRETE_ID, INSURER_ID , INDEX_ID , PERIOD_ID , VALUE) VALUES (388, 5, 5, 4, 2.11);
INSERT INTO CONCRETE_INDEX (CONCRETE_ID, INSURER_ID , INDEX_ID , PERIOD_ID , VALUE) VALUES (389, 5, 5, 5, -2.66);
INSERT INTO CONCRETE_INDEX (CONCRETE_ID, INSURER_ID , INDEX_ID , PERIOD_ID , VALUE) VALUES (390, 5, 5, 6, 2.75);
INSERT INTO CONCRETE_INDEX (CONCRETE_ID, INSURER_ID , INDEX_ID , PERIOD_ID , VALUE) VALUES (391, 5, 5, 7, -2.24);
INSERT INTO CONCRETE_INDEX (CONCRETE_ID, INSURER_ID , INDEX_ID , PERIOD_ID , VALUE) VALUES (392, 5, 5, 8, 1.01);
INSERT INTO CONCRETE_INDEX (CONCRETE_ID, INSURER_ID , INDEX_ID , PERIOD_ID , VALUE) VALUES (393, 5, 6, 1, -0.10);
INSERT INTO CONCRETE_INDEX (CONCRETE_ID, INSURER_ID , INDEX_ID , PERIOD_ID , VALUE) VALUES (394, 5, 6, 2, -2.03);
INSERT INTO CONCRETE_INDEX (CONCRETE_ID, INSURER_ID , INDEX_ID , PERIOD_ID , VALUE) VALUES (395, 5, 6, 3, -3.84);
INSERT INTO CONCRETE_INDEX (CONCRETE_ID, INSURER_ID , INDEX_ID , PERIOD_ID , VALUE) VALUES (396, 5, 6, 4, 1.79);
INSERT INTO CONCRETE_INDEX (CONCRETE_ID, INSURER_ID , INDEX_ID , PERIOD_ID , VALUE) VALUES (397, 5, 6, 5, 4.12);
INSERT INTO CONCRETE_INDEX (CONCRETE_ID, INSURER_ID , INDEX_ID , PERIOD_ID , VALUE) VALUES (398, 5, 6, 6, -2.63);
INSERT INTO CONCRETE_INDEX (CONCRETE_ID, INSURER_ID , INDEX_ID , PERIOD_ID , VALUE) VALUES (399, 5, 6, 7, 1.21);
INSERT INTO CONCRETE_INDEX (CONCRETE_ID, INSURER_ID , INDEX_ID , PERIOD_ID , VALUE) VALUES (400, 5, 6, 8, -3.54);
INSERT INTO CONCRETE_INDEX (CONCRETE_ID, INSURER_ID , INDEX_ID , PERIOD_ID , VALUE) VALUES (401, 5, 7, 1, -0.57);
INSERT INTO CONCRETE_INDEX (CONCRETE_ID, INSURER_ID , INDEX_ID , PERIOD_ID , VALUE) VALUES (402, 5, 7, 2, -2.56);
INSERT INTO CONCRETE_INDEX (CONCRETE_ID, INSURER_ID , INDEX_ID , PERIOD_ID , VALUE) VALUES (403, 5, 7, 3, -3.01);
INSERT INTO CONCRETE_INDEX (CONCRETE_ID, INSURER_ID , INDEX_ID , PERIOD_ID , VALUE) VALUES (404, 5, 7, 4, 0.99);
INSERT INTO CONCRETE_INDEX (CONCRETE_ID, INSURER_ID , INDEX_ID , PERIOD_ID , VALUE) VALUES (405, 5, 7, 5, -4.02);
INSERT INTO CONCRETE_INDEX (CONCRETE_ID, INSURER_ID , INDEX_ID , PERIOD_ID , VALUE) VALUES (406, 5, 7, 6, -4.19);
INSERT INTO CONCRETE_INDEX (CONCRETE_ID, INSURER_ID , INDEX_ID , PERIOD_ID , VALUE) VALUES (407, 5, 7, 7, -3.30);
INSERT INTO CONCRETE_INDEX (CONCRETE_ID, INSURER_ID , INDEX_ID , PERIOD_ID , VALUE) VALUES (408, 5, 7, 8, -3.32);
INSERT INTO CONCRETE_INDEX (CONCRETE_ID, INSURER_ID , INDEX_ID , PERIOD_ID , VALUE) VALUES (409, 5, 8, 1, -0.44);
INSERT INTO CONCRETE_INDEX (CONCRETE_ID, INSURER_ID , INDEX_ID , PERIOD_ID , VALUE) VALUES (410, 5, 8, 2, 3.23);
INSERT INTO CONCRETE_INDEX (CONCRETE_ID, INSURER_ID , INDEX_ID , PERIOD_ID , VALUE) VALUES (411, 5, 8, 3, -0.13);
INSERT INTO CONCRETE_INDEX (CONCRETE_ID, INSURER_ID , INDEX_ID , PERIOD_ID , VALUE) VALUES (412, 5, 8, 4, 4.99);
INSERT INTO CONCRETE_INDEX (CONCRETE_ID, INSURER_ID , INDEX_ID , PERIOD_ID , VALUE) VALUES (413, 5, 8, 5, -3.02);
INSERT INTO CONCRETE_INDEX (CONCRETE_ID, INSURER_ID , INDEX_ID , PERIOD_ID , VALUE) VALUES (414, 5, 8, 6, 3.17);
INSERT INTO CONCRETE_INDEX (CONCRETE_ID, INSURER_ID , INDEX_ID , PERIOD_ID , VALUE) VALUES (415, 5, 8, 7, 3.30);
INSERT INTO CONCRETE_INDEX (CONCRETE_ID, INSURER_ID , INDEX_ID , PERIOD_ID , VALUE) VALUES (416, 5, 8, 8, 0.02);
INSERT INTO CONCRETE_INDEX (CONCRETE_ID, INSURER_ID , INDEX_ID , PERIOD_ID , VALUE) VALUES (417, 5, 9, 1, 4.36);
INSERT INTO CONCRETE_INDEX (CONCRETE_ID, INSURER_ID , INDEX_ID , PERIOD_ID , VALUE) VALUES (418, 5, 9, 2, -2.86);
INSERT INTO CONCRETE_INDEX (CONCRETE_ID, INSURER_ID , INDEX_ID , PERIOD_ID , VALUE) VALUES (419, 5, 9, 3, -2.56);
INSERT INTO CONCRETE_INDEX (CONCRETE_ID, INSURER_ID , INDEX_ID , PERIOD_ID , VALUE) VALUES (420, 5, 9, 4, -1.96);
INSERT INTO CONCRETE_INDEX (CONCRETE_ID, INSURER_ID , INDEX_ID , PERIOD_ID , VALUE) VALUES (421, 5, 9, 5, 2.16);
INSERT INTO CONCRETE_INDEX (CONCRETE_ID, INSURER_ID , INDEX_ID , PERIOD_ID , VALUE) VALUES (422, 5, 9, 6, -0.17);
INSERT INTO CONCRETE_INDEX (CONCRETE_ID, INSURER_ID , INDEX_ID , PERIOD_ID , VALUE) VALUES (423, 5, 9, 7, 3.28);
INSERT INTO CONCRETE_INDEX (CONCRETE_ID, INSURER_ID , INDEX_ID , PERIOD_ID , VALUE) VALUES (424, 5, 9, 8, 2.55);
INSERT INTO CONCRETE_INDEX (CONCRETE_ID, INSURER_ID , INDEX_ID , PERIOD_ID , VALUE) VALUES (425, 5, 10, 1, -1.02);
INSERT INTO CONCRETE_INDEX (CONCRETE_ID, INSURER_ID , INDEX_ID , PERIOD_ID , VALUE) VALUES (426, 5, 10, 2, 3.17);
INSERT INTO CONCRETE_INDEX (CONCRETE_ID, INSURER_ID , INDEX_ID , PERIOD_ID , VALUE) VALUES (427, 5, 10, 3, 0.29);
INSERT INTO CONCRETE_INDEX (CONCRETE_ID, INSURER_ID , INDEX_ID , PERIOD_ID , VALUE) VALUES (428, 5, 10, 4, -3.04);
INSERT INTO CONCRETE_INDEX (CONCRETE_ID, INSURER_ID , INDEX_ID , PERIOD_ID , VALUE) VALUES (429, 5, 10, 5, 0.52);
INSERT INTO CONCRETE_INDEX (CONCRETE_ID, INSURER_ID , INDEX_ID , PERIOD_ID , VALUE) VALUES (430, 5, 10, 6, 2.64);
INSERT INTO CONCRETE_INDEX (CONCRETE_ID, INSURER_ID , INDEX_ID , PERIOD_ID , VALUE) VALUES (431, 5, 10, 7, 2.19);
INSERT INTO CONCRETE_INDEX (CONCRETE_ID, INSURER_ID , INDEX_ID , PERIOD_ID , VALUE) VALUES (432, 5, 10, 8, 4.08);
INSERT INTO CONCRETE_INDEX (CONCRETE_ID, INSURER_ID , INDEX_ID , PERIOD_ID , VALUE) VALUES (433, 5, 11, 1, 1.89);
INSERT INTO CONCRETE_INDEX (CONCRETE_ID, INSURER_ID , INDEX_ID , PERIOD_ID , VALUE) VALUES (434, 5, 11, 2, 2.18);
INSERT INTO CONCRETE_INDEX (CONCRETE_ID, INSURER_ID , INDEX_ID , PERIOD_ID , VALUE) VALUES (435, 5, 11, 3, -3.91);
INSERT INTO CONCRETE_INDEX (CONCRETE_ID, INSURER_ID , INDEX_ID , PERIOD_ID , VALUE) VALUES (436, 5, 11, 4, 3.32);
INSERT INTO CONCRETE_INDEX (CONCRETE_ID, INSURER_ID , INDEX_ID , PERIOD_ID , VALUE) VALUES (437, 5, 11, 5, -1.50);
INSERT INTO CONCRETE_INDEX (CONCRETE_ID, INSURER_ID , INDEX_ID , PERIOD_ID , VALUE) VALUES (438, 5, 11, 6, -3.55);
INSERT INTO CONCRETE_INDEX (CONCRETE_ID, INSURER_ID , INDEX_ID , PERIOD_ID , VALUE) VALUES (439, 5, 11, 7, -0.09);
INSERT INTO CONCRETE_INDEX (CONCRETE_ID, INSURER_ID , INDEX_ID , PERIOD_ID , VALUE) VALUES (440, 5, 11, 8, 1.92);
INSERT INTO CONCRETE_INDEX (CONCRETE_ID, INSURER_ID , INDEX_ID , PERIOD_ID , VALUE) VALUES (441, 6, 1, 1, -4.20);
INSERT INTO CONCRETE_INDEX (CONCRETE_ID, INSURER_ID , INDEX_ID , PERIOD_ID , VALUE) VALUES (442, 6, 1, 2, 0.30);
INSERT INTO CONCRETE_INDEX (CONCRETE_ID, INSURER_ID , INDEX_ID , PERIOD_ID , VALUE) VALUES (443, 6, 1, 3, 4.60);
INSERT INTO CONCRETE_INDEX (CONCRETE_ID, INSURER_ID , INDEX_ID , PERIOD_ID , VALUE) VALUES (444, 6, 1, 4, -4.07);
INSERT INTO CONCRETE_INDEX (CONCRETE_ID, INSURER_ID , INDEX_ID , PERIOD_ID , VALUE) VALUES (445, 6, 1, 5, -1.44);
INSERT INTO CONCRETE_INDEX (CONCRETE_ID, INSURER_ID , INDEX_ID , PERIOD_ID , VALUE) VALUES (446, 6, 1, 6, -4.12);
INSERT INTO CONCRETE_INDEX (CONCRETE_ID, INSURER_ID , INDEX_ID , PERIOD_ID , VALUE) VALUES (447, 6, 1, 7, 0.59);
INSERT INTO CONCRETE_INDEX (CONCRETE_ID, INSURER_ID , INDEX_ID , PERIOD_ID , VALUE) VALUES (448, 6, 1, 8, 0.71);
INSERT INTO CONCRETE_INDEX (CONCRETE_ID, INSURER_ID , INDEX_ID , PERIOD_ID , VALUE) VALUES (449, 6, 2, 1, -1.90);
INSERT INTO CONCRETE_INDEX (CONCRETE_ID, INSURER_ID , INDEX_ID , PERIOD_ID , VALUE) VALUES (450, 6, 2, 2, -2.89);
INSERT INTO CONCRETE_INDEX (CONCRETE_ID, INSURER_ID , INDEX_ID , PERIOD_ID , VALUE) VALUES (451, 6, 2, 3, 2.43);
INSERT INTO CONCRETE_INDEX (CONCRETE_ID, INSURER_ID , INDEX_ID , PERIOD_ID , VALUE) VALUES (452, 6, 2, 4, -2.02);
INSERT INTO CONCRETE_INDEX (CONCRETE_ID, INSURER_ID , INDEX_ID , PERIOD_ID , VALUE) VALUES (453, 6, 2, 5, -0.18);
INSERT INTO CONCRETE_INDEX (CONCRETE_ID, INSURER_ID , INDEX_ID , PERIOD_ID , VALUE) VALUES (454, 6, 2, 6, -0.30);
INSERT INTO CONCRETE_INDEX (CONCRETE_ID, INSURER_ID , INDEX_ID , PERIOD_ID , VALUE) VALUES (455, 6, 2, 7, 1.44);
INSERT INTO CONCRETE_INDEX (CONCRETE_ID, INSURER_ID , INDEX_ID , PERIOD_ID , VALUE) VALUES (456, 6, 2, 8, -1.45);
INSERT INTO CONCRETE_INDEX (CONCRETE_ID, INSURER_ID , INDEX_ID , PERIOD_ID , VALUE) VALUES (457, 6, 3, 1, 4.08);
INSERT INTO CONCRETE_INDEX (CONCRETE_ID, INSURER_ID , INDEX_ID , PERIOD_ID , VALUE) VALUES (458, 6, 3, 2, 2.50);
INSERT INTO CONCRETE_INDEX (CONCRETE_ID, INSURER_ID , INDEX_ID , PERIOD_ID , VALUE) VALUES (459, 6, 3, 3, 4.14);
INSERT INTO CONCRETE_INDEX (CONCRETE_ID, INSURER_ID , INDEX_ID , PERIOD_ID , VALUE) VALUES (460, 6, 3, 4, -4.46);
INSERT INTO CONCRETE_INDEX (CONCRETE_ID, INSURER_ID , INDEX_ID , PERIOD_ID , VALUE) VALUES (461, 6, 3, 5, 0.40);
INSERT INTO CONCRETE_INDEX (CONCRETE_ID, INSURER_ID , INDEX_ID , PERIOD_ID , VALUE) VALUES (462, 6, 3, 6, 2.76);
INSERT INTO CONCRETE_INDEX (CONCRETE_ID, INSURER_ID , INDEX_ID , PERIOD_ID , VALUE) VALUES (463, 6, 3, 7, 3.21);
INSERT INTO CONCRETE_INDEX (CONCRETE_ID, INSURER_ID , INDEX_ID , PERIOD_ID , VALUE) VALUES (464, 6, 3, 8, 2.70);
INSERT INTO CONCRETE_INDEX (CONCRETE_ID, INSURER_ID , INDEX_ID , PERIOD_ID , VALUE) VALUES (465, 6, 4, 1, -1.05);
INSERT INTO CONCRETE_INDEX (CONCRETE_ID, INSURER_ID , INDEX_ID , PERIOD_ID , VALUE) VALUES (466, 6, 4, 2, 3.01);
INSERT INTO CONCRETE_INDEX (CONCRETE_ID, INSURER_ID , INDEX_ID , PERIOD_ID , VALUE) VALUES (467, 6, 4, 3, -1.57);
INSERT INTO CONCRETE_INDEX (CONCRETE_ID, INSURER_ID , INDEX_ID , PERIOD_ID , VALUE) VALUES (468, 6, 4, 4, -3.27);
INSERT INTO CONCRETE_INDEX (CONCRETE_ID, INSURER_ID , INDEX_ID , PERIOD_ID , VALUE) VALUES (469, 6, 4, 5, 3.52);
INSERT INTO CONCRETE_INDEX (CONCRETE_ID, INSURER_ID , INDEX_ID , PERIOD_ID , VALUE) VALUES (470, 6, 4, 6, 2.80);
INSERT INTO CONCRETE_INDEX (CONCRETE_ID, INSURER_ID , INDEX_ID , PERIOD_ID , VALUE) VALUES (471, 6, 4, 7, -2.41);
INSERT INTO CONCRETE_INDEX (CONCRETE_ID, INSURER_ID , INDEX_ID , PERIOD_ID , VALUE) VALUES (472, 6, 4, 8, 0.09);
INSERT INTO CONCRETE_INDEX (CONCRETE_ID, INSURER_ID , INDEX_ID , PERIOD_ID , VALUE) VALUES (473, 6, 5, 1, -3.31);
INSERT INTO CONCRETE_INDEX (CONCRETE_ID, INSURER_ID , INDEX_ID , PERIOD_ID , VALUE) VALUES (474, 6, 5, 2, 1.53);
INSERT INTO CONCRETE_INDEX (CONCRETE_ID, INSURER_ID , INDEX_ID , PERIOD_ID , VALUE) VALUES (475, 6, 5, 3, 1.05);
INSERT INTO CONCRETE_INDEX (CONCRETE_ID, INSURER_ID , INDEX_ID , PERIOD_ID , VALUE) VALUES (476, 6, 5, 4, 3.18);
INSERT INTO CONCRETE_INDEX (CONCRETE_ID, INSURER_ID , INDEX_ID , PERIOD_ID , VALUE) VALUES (477, 6, 5, 5, 1.95);
INSERT INTO CONCRETE_INDEX (CONCRETE_ID, INSURER_ID , INDEX_ID , PERIOD_ID , VALUE) VALUES (478, 6, 5, 6, 2.05);
INSERT INTO CONCRETE_INDEX (CONCRETE_ID, INSURER_ID , INDEX_ID , PERIOD_ID , VALUE) VALUES (479, 6, 5, 7, -0.93);
INSERT INTO CONCRETE_INDEX (CONCRETE_ID, INSURER_ID , INDEX_ID , PERIOD_ID , VALUE) VALUES (480, 6, 5, 8, 0.86);
INSERT INTO CONCRETE_INDEX (CONCRETE_ID, INSURER_ID , INDEX_ID , PERIOD_ID , VALUE) VALUES (481, 6, 6, 1, -3.22);
INSERT INTO CONCRETE_INDEX (CONCRETE_ID, INSURER_ID , INDEX_ID , PERIOD_ID , VALUE) VALUES (482, 6, 6, 2, -3.60);
INSERT INTO CONCRETE_INDEX (CONCRETE_ID, INSURER_ID , INDEX_ID , PERIOD_ID , VALUE) VALUES (483, 6, 6, 3, -1.76);
INSERT INTO CONCRETE_INDEX (CONCRETE_ID, INSURER_ID , INDEX_ID , PERIOD_ID , VALUE) VALUES (484, 6, 6, 4, -1.75);
INSERT INTO CONCRETE_INDEX (CONCRETE_ID, INSURER_ID , INDEX_ID , PERIOD_ID , VALUE) VALUES (485, 6, 6, 5, -2.16);
INSERT INTO CONCRETE_INDEX (CONCRETE_ID, INSURER_ID , INDEX_ID , PERIOD_ID , VALUE) VALUES (486, 6, 6, 6, -4.05);
INSERT INTO CONCRETE_INDEX (CONCRETE_ID, INSURER_ID , INDEX_ID , PERIOD_ID , VALUE) VALUES (487, 6, 6, 7, 1.58);
INSERT INTO CONCRETE_INDEX (CONCRETE_ID, INSURER_ID , INDEX_ID , PERIOD_ID , VALUE) VALUES (488, 6, 6, 8, -4.60);
INSERT INTO CONCRETE_INDEX (CONCRETE_ID, INSURER_ID , INDEX_ID , PERIOD_ID , VALUE) VALUES (489, 6, 7, 1, 2.07);
INSERT INTO CONCRETE_INDEX (CONCRETE_ID, INSURER_ID , INDEX_ID , PERIOD_ID , VALUE) VALUES (490, 6, 7, 2, -1.47);
INSERT INTO CONCRETE_INDEX (CONCRETE_ID, INSURER_ID , INDEX_ID , PERIOD_ID , VALUE) VALUES (491, 6, 7, 3, -2.74);
INSERT INTO CONCRETE_INDEX (CONCRETE_ID, INSURER_ID , INDEX_ID , PERIOD_ID , VALUE) VALUES (492, 6, 7, 4, -1.48);
INSERT INTO CONCRETE_INDEX (CONCRETE_ID, INSURER_ID , INDEX_ID , PERIOD_ID , VALUE) VALUES (493, 6, 7, 5, -2.50);
INSERT INTO CONCRETE_INDEX (CONCRETE_ID, INSURER_ID , INDEX_ID , PERIOD_ID , VALUE) VALUES (494, 6, 7, 6, 3.96);
INSERT INTO CONCRETE_INDEX (CONCRETE_ID, INSURER_ID , INDEX_ID , PERIOD_ID , VALUE) VALUES (495, 6, 7, 7, 2.58);
INSERT INTO CONCRETE_INDEX (CONCRETE_ID, INSURER_ID , INDEX_ID , PERIOD_ID , VALUE) VALUES (496, 6, 7, 8, -2.27);
INSERT INTO CONCRETE_INDEX (CONCRETE_ID, INSURER_ID , INDEX_ID , PERIOD_ID , VALUE) VALUES (497, 6, 8, 1, 3.51);
INSERT INTO CONCRETE_INDEX (CONCRETE_ID, INSURER_ID , INDEX_ID , PERIOD_ID , VALUE) VALUES (498, 6, 8, 2, -2.29);
INSERT INTO CONCRETE_INDEX (CONCRETE_ID, INSURER_ID , INDEX_ID , PERIOD_ID , VALUE) VALUES (499, 6, 8, 3, 2.81);
INSERT INTO CONCRETE_INDEX (CONCRETE_ID, INSURER_ID , INDEX_ID , PERIOD_ID , VALUE) VALUES (500, 6, 8, 4, -1.90);
INSERT INTO CONCRETE_INDEX (CONCRETE_ID, INSURER_ID , INDEX_ID , PERIOD_ID , VALUE) VALUES (501, 6, 8, 5, 3.25);
INSERT INTO CONCRETE_INDEX (CONCRETE_ID, INSURER_ID , INDEX_ID , PERIOD_ID , VALUE) VALUES (502, 6, 8, 6, -0.23);
INSERT INTO CONCRETE_INDEX (CONCRETE_ID, INSURER_ID , INDEX_ID , PERIOD_ID , VALUE) VALUES (503, 6, 8, 7, -0.22);
INSERT INTO CONCRETE_INDEX (CONCRETE_ID, INSURER_ID , INDEX_ID , PERIOD_ID , VALUE) VALUES (504, 6, 8, 8, 0.97);
INSERT INTO CONCRETE_INDEX (CONCRETE_ID, INSURER_ID , INDEX_ID , PERIOD_ID , VALUE) VALUES (505, 6, 9, 1, 0.23);
INSERT INTO CONCRETE_INDEX (CONCRETE_ID, INSURER_ID , INDEX_ID , PERIOD_ID , VALUE) VALUES (506, 6, 9, 2, 1.72);
INSERT INTO CONCRETE_INDEX (CONCRETE_ID, INSURER_ID , INDEX_ID , PERIOD_ID , VALUE) VALUES (507, 6, 9, 3, 0.95);
INSERT INTO CONCRETE_INDEX (CONCRETE_ID, INSURER_ID , INDEX_ID , PERIOD_ID , VALUE) VALUES (508, 6, 9, 4, -2.81);
INSERT INTO CONCRETE_INDEX (CONCRETE_ID, INSURER_ID , INDEX_ID , PERIOD_ID , VALUE) VALUES (509, 6, 9, 5, -3.12);
INSERT INTO CONCRETE_INDEX (CONCRETE_ID, INSURER_ID , INDEX_ID , PERIOD_ID , VALUE) VALUES (510, 6, 9, 6, 0.86);
INSERT INTO CONCRETE_INDEX (CONCRETE_ID, INSURER_ID , INDEX_ID , PERIOD_ID , VALUE) VALUES (511, 6, 9, 7, -1.84);
INSERT INTO CONCRETE_INDEX (CONCRETE_ID, INSURER_ID , INDEX_ID , PERIOD_ID , VALUE) VALUES (512, 6, 9, 8, 2.73);
INSERT INTO CONCRETE_INDEX (CONCRETE_ID, INSURER_ID , INDEX_ID , PERIOD_ID , VALUE) VALUES (513, 6, 10, 1, -4.36);
INSERT INTO CONCRETE_INDEX (CONCRETE_ID, INSURER_ID , INDEX_ID , PERIOD_ID , VALUE) VALUES (514, 6, 10, 2, 4.34);
INSERT INTO CONCRETE_INDEX (CONCRETE_ID, INSURER_ID , INDEX_ID , PERIOD_ID , VALUE) VALUES (515, 6, 10, 3, 4.32);
INSERT INTO CONCRETE_INDEX (CONCRETE_ID, INSURER_ID , INDEX_ID , PERIOD_ID , VALUE) VALUES (516, 6, 10, 4, -0.55);
INSERT INTO CONCRETE_INDEX (CONCRETE_ID, INSURER_ID , INDEX_ID , PERIOD_ID , VALUE) VALUES (517, 6, 10, 5, 1.76);
INSERT INTO CONCRETE_INDEX (CONCRETE_ID, INSURER_ID , INDEX_ID , PERIOD_ID , VALUE) VALUES (518, 6, 10, 6, -0.31);
INSERT INTO CONCRETE_INDEX (CONCRETE_ID, INSURER_ID , INDEX_ID , PERIOD_ID , VALUE) VALUES (519, 6, 10, 7, -2.41);
INSERT INTO CONCRETE_INDEX (CONCRETE_ID, INSURER_ID , INDEX_ID , PERIOD_ID , VALUE) VALUES (520, 6, 10, 8, 1.06);
INSERT INTO CONCRETE_INDEX (CONCRETE_ID, INSURER_ID , INDEX_ID , PERIOD_ID , VALUE) VALUES (521, 6, 11, 1, 2.98);
INSERT INTO CONCRETE_INDEX (CONCRETE_ID, INSURER_ID , INDEX_ID , PERIOD_ID , VALUE) VALUES (522, 6, 11, 2, 1.03);
INSERT INTO CONCRETE_INDEX (CONCRETE_ID, INSURER_ID , INDEX_ID , PERIOD_ID , VALUE) VALUES (523, 6, 11, 3, -4.75);
INSERT INTO CONCRETE_INDEX (CONCRETE_ID, INSURER_ID , INDEX_ID , PERIOD_ID , VALUE) VALUES (524, 6, 11, 4, 4.71);
INSERT INTO CONCRETE_INDEX (CONCRETE_ID, INSURER_ID , INDEX_ID , PERIOD_ID , VALUE) VALUES (525, 6, 11, 5, 3.20);
INSERT INTO CONCRETE_INDEX (CONCRETE_ID, INSURER_ID , INDEX_ID , PERIOD_ID , VALUE) VALUES (526, 6, 11, 6, 1.50);
INSERT INTO CONCRETE_INDEX (CONCRETE_ID, INSURER_ID , INDEX_ID , PERIOD_ID , VALUE) VALUES (527, 6, 11, 7, 3.56);
INSERT INTO CONCRETE_INDEX (CONCRETE_ID, INSURER_ID , INDEX_ID , PERIOD_ID , VALUE) VALUES (528, 6, 11, 8, 3.79);
INSERT INTO CONCRETE_INDEX (CONCRETE_ID, INSURER_ID , INDEX_ID , PERIOD_ID , VALUE) VALUES (529, 7, 1, 1, -3.98);
INSERT INTO CONCRETE_INDEX (CONCRETE_ID, INSURER_ID , INDEX_ID , PERIOD_ID , VALUE) VALUES (530, 7, 1, 2, 3.22);
INSERT INTO CONCRETE_INDEX (CONCRETE_ID, INSURER_ID , INDEX_ID , PERIOD_ID , VALUE) VALUES (531, 7, 1, 3, -4.45);
INSERT INTO CONCRETE_INDEX (CONCRETE_ID, INSURER_ID , INDEX_ID , PERIOD_ID , VALUE) VALUES (532, 7, 1, 4, -3.58);
INSERT INTO CONCRETE_INDEX (CONCRETE_ID, INSURER_ID , INDEX_ID , PERIOD_ID , VALUE) VALUES (533, 7, 1, 5, -0.77);
INSERT INTO CONCRETE_INDEX (CONCRETE_ID, INSURER_ID , INDEX_ID , PERIOD_ID , VALUE) VALUES (534, 7, 1, 6, -3.92);
INSERT INTO CONCRETE_INDEX (CONCRETE_ID, INSURER_ID , INDEX_ID , PERIOD_ID , VALUE) VALUES (535, 7, 1, 7, -3.58);
INSERT INTO CONCRETE_INDEX (CONCRETE_ID, INSURER_ID , INDEX_ID , PERIOD_ID , VALUE) VALUES (536, 7, 1, 8, -3.00);
INSERT INTO CONCRETE_INDEX (CONCRETE_ID, INSURER_ID , INDEX_ID , PERIOD_ID , VALUE) VALUES (537, 7, 2, 1, 3.42);
INSERT INTO CONCRETE_INDEX (CONCRETE_ID, INSURER_ID , INDEX_ID , PERIOD_ID , VALUE) VALUES (538, 7, 2, 2, 4.96);
INSERT INTO CONCRETE_INDEX (CONCRETE_ID, INSURER_ID , INDEX_ID , PERIOD_ID , VALUE) VALUES (539, 7, 2, 3, 4.51);
INSERT INTO CONCRETE_INDEX (CONCRETE_ID, INSURER_ID , INDEX_ID , PERIOD_ID , VALUE) VALUES (540, 7, 2, 4, -4.45);
INSERT INTO CONCRETE_INDEX (CONCRETE_ID, INSURER_ID , INDEX_ID , PERIOD_ID , VALUE) VALUES (541, 7, 2, 5, -3.93);
INSERT INTO CONCRETE_INDEX (CONCRETE_ID, INSURER_ID , INDEX_ID , PERIOD_ID , VALUE) VALUES (542, 7, 2, 6, 3.37);
INSERT INTO CONCRETE_INDEX (CONCRETE_ID, INSURER_ID , INDEX_ID , PERIOD_ID , VALUE) VALUES (543, 7, 2, 7, -3.27);
INSERT INTO CONCRETE_INDEX (CONCRETE_ID, INSURER_ID , INDEX_ID , PERIOD_ID , VALUE) VALUES (544, 7, 2, 8, 0.40);
INSERT INTO CONCRETE_INDEX (CONCRETE_ID, INSURER_ID , INDEX_ID , PERIOD_ID , VALUE) VALUES (545, 7, 3, 1, -2.66);
INSERT INTO CONCRETE_INDEX (CONCRETE_ID, INSURER_ID , INDEX_ID , PERIOD_ID , VALUE) VALUES (546, 7, 3, 2, -1.94);
INSERT INTO CONCRETE_INDEX (CONCRETE_ID, INSURER_ID , INDEX_ID , PERIOD_ID , VALUE) VALUES (547, 7, 3, 3, -0.89);
INSERT INTO CONCRETE_INDEX (CONCRETE_ID, INSURER_ID , INDEX_ID , PERIOD_ID , VALUE) VALUES (548, 7, 3, 4, -4.83);
INSERT INTO CONCRETE_INDEX (CONCRETE_ID, INSURER_ID , INDEX_ID , PERIOD_ID , VALUE) VALUES (549, 7, 3, 5, -4.22);
INSERT INTO CONCRETE_INDEX (CONCRETE_ID, INSURER_ID , INDEX_ID , PERIOD_ID , VALUE) VALUES (550, 7, 3, 6, -4.73);
INSERT INTO CONCRETE_INDEX (CONCRETE_ID, INSURER_ID , INDEX_ID , PERIOD_ID , VALUE) VALUES (551, 7, 3, 7, -3.20);
INSERT INTO CONCRETE_INDEX (CONCRETE_ID, INSURER_ID , INDEX_ID , PERIOD_ID , VALUE) VALUES (552, 7, 3, 8, 0.30);
INSERT INTO CONCRETE_INDEX (CONCRETE_ID, INSURER_ID , INDEX_ID , PERIOD_ID , VALUE) VALUES (553, 7, 4, 1, -0.24);
INSERT INTO CONCRETE_INDEX (CONCRETE_ID, INSURER_ID , INDEX_ID , PERIOD_ID , VALUE) VALUES (554, 7, 4, 2, 4.33);
INSERT INTO CONCRETE_INDEX (CONCRETE_ID, INSURER_ID , INDEX_ID , PERIOD_ID , VALUE) VALUES (555, 7, 4, 3, 2.76);
INSERT INTO CONCRETE_INDEX (CONCRETE_ID, INSURER_ID , INDEX_ID , PERIOD_ID , VALUE) VALUES (556, 7, 4, 4, 2.50);
INSERT INTO CONCRETE_INDEX (CONCRETE_ID, INSURER_ID , INDEX_ID , PERIOD_ID , VALUE) VALUES (557, 7, 4, 5, -4.70);
INSERT INTO CONCRETE_INDEX (CONCRETE_ID, INSURER_ID , INDEX_ID , PERIOD_ID , VALUE) VALUES (558, 7, 4, 6, -1.46);
INSERT INTO CONCRETE_INDEX (CONCRETE_ID, INSURER_ID , INDEX_ID , PERIOD_ID , VALUE) VALUES (559, 7, 4, 7, 1.43);
INSERT INTO CONCRETE_INDEX (CONCRETE_ID, INSURER_ID , INDEX_ID , PERIOD_ID , VALUE) VALUES (560, 7, 4, 8, 3.10);
INSERT INTO CONCRETE_INDEX (CONCRETE_ID, INSURER_ID , INDEX_ID , PERIOD_ID , VALUE) VALUES (561, 7, 5, 1, 2.38);
INSERT INTO CONCRETE_INDEX (CONCRETE_ID, INSURER_ID , INDEX_ID , PERIOD_ID , VALUE) VALUES (562, 7, 5, 2, -3.95);
INSERT INTO CONCRETE_INDEX (CONCRETE_ID, INSURER_ID , INDEX_ID , PERIOD_ID , VALUE) VALUES (563, 7, 5, 3, 1.58);
INSERT INTO CONCRETE_INDEX (CONCRETE_ID, INSURER_ID , INDEX_ID , PERIOD_ID , VALUE) VALUES (564, 7, 5, 4, -2.31);
INSERT INTO CONCRETE_INDEX (CONCRETE_ID, INSURER_ID , INDEX_ID , PERIOD_ID , VALUE) VALUES (565, 7, 5, 5, -0.86);
INSERT INTO CONCRETE_INDEX (CONCRETE_ID, INSURER_ID , INDEX_ID , PERIOD_ID , VALUE) VALUES (566, 7, 5, 6, -3.72);
INSERT INTO CONCRETE_INDEX (CONCRETE_ID, INSURER_ID , INDEX_ID , PERIOD_ID , VALUE) VALUES (567, 7, 5, 7, 2.62);
INSERT INTO CONCRETE_INDEX (CONCRETE_ID, INSURER_ID , INDEX_ID , PERIOD_ID , VALUE) VALUES (568, 7, 5, 8, 4.78);
INSERT INTO CONCRETE_INDEX (CONCRETE_ID, INSURER_ID , INDEX_ID , PERIOD_ID , VALUE) VALUES (569, 7, 6, 1, -1.75);
INSERT INTO CONCRETE_INDEX (CONCRETE_ID, INSURER_ID , INDEX_ID , PERIOD_ID , VALUE) VALUES (570, 7, 6, 2, -1.74);
INSERT INTO CONCRETE_INDEX (CONCRETE_ID, INSURER_ID , INDEX_ID , PERIOD_ID , VALUE) VALUES (571, 7, 6, 3, -0.29);
INSERT INTO CONCRETE_INDEX (CONCRETE_ID, INSURER_ID , INDEX_ID , PERIOD_ID , VALUE) VALUES (572, 7, 6, 4, 1.09);
INSERT INTO CONCRETE_INDEX (CONCRETE_ID, INSURER_ID , INDEX_ID , PERIOD_ID , VALUE) VALUES (573, 7, 6, 5, 0.21);
INSERT INTO CONCRETE_INDEX (CONCRETE_ID, INSURER_ID , INDEX_ID , PERIOD_ID , VALUE) VALUES (574, 7, 6, 6, -2.32);
INSERT INTO CONCRETE_INDEX (CONCRETE_ID, INSURER_ID , INDEX_ID , PERIOD_ID , VALUE) VALUES (575, 7, 6, 7, -3.62);
INSERT INTO CONCRETE_INDEX (CONCRETE_ID, INSURER_ID , INDEX_ID , PERIOD_ID , VALUE) VALUES (576, 7, 6, 8, 4.46);
INSERT INTO CONCRETE_INDEX (CONCRETE_ID, INSURER_ID , INDEX_ID , PERIOD_ID , VALUE) VALUES (577, 7, 7, 1, -3.92);
INSERT INTO CONCRETE_INDEX (CONCRETE_ID, INSURER_ID , INDEX_ID , PERIOD_ID , VALUE) VALUES (578, 7, 7, 2, -0.82);
INSERT INTO CONCRETE_INDEX (CONCRETE_ID, INSURER_ID , INDEX_ID , PERIOD_ID , VALUE) VALUES (579, 7, 7, 3, -2.52);
INSERT INTO CONCRETE_INDEX (CONCRETE_ID, INSURER_ID , INDEX_ID , PERIOD_ID , VALUE) VALUES (580, 7, 7, 4, 3.22);
INSERT INTO CONCRETE_INDEX (CONCRETE_ID, INSURER_ID , INDEX_ID , PERIOD_ID , VALUE) VALUES (581, 7, 7, 5, -4.02);
INSERT INTO CONCRETE_INDEX (CONCRETE_ID, INSURER_ID , INDEX_ID , PERIOD_ID , VALUE) VALUES (582, 7, 7, 6, -1.46);
INSERT INTO CONCRETE_INDEX (CONCRETE_ID, INSURER_ID , INDEX_ID , PERIOD_ID , VALUE) VALUES (583, 7, 7, 7, 1.50);
INSERT INTO CONCRETE_INDEX (CONCRETE_ID, INSURER_ID , INDEX_ID , PERIOD_ID , VALUE) VALUES (584, 7, 7, 8, 2.56);
INSERT INTO CONCRETE_INDEX (CONCRETE_ID, INSURER_ID , INDEX_ID , PERIOD_ID , VALUE) VALUES (585, 7, 8, 1, 0.53);
INSERT INTO CONCRETE_INDEX (CONCRETE_ID, INSURER_ID , INDEX_ID , PERIOD_ID , VALUE) VALUES (586, 7, 8, 2, -2.89);
INSERT INTO CONCRETE_INDEX (CONCRETE_ID, INSURER_ID , INDEX_ID , PERIOD_ID , VALUE) VALUES (587, 7, 8, 3, -0.98);
INSERT INTO CONCRETE_INDEX (CONCRETE_ID, INSURER_ID , INDEX_ID , PERIOD_ID , VALUE) VALUES (588, 7, 8, 4, 4.30);
INSERT INTO CONCRETE_INDEX (CONCRETE_ID, INSURER_ID , INDEX_ID , PERIOD_ID , VALUE) VALUES (589, 7, 8, 5, -0.69);
INSERT INTO CONCRETE_INDEX (CONCRETE_ID, INSURER_ID , INDEX_ID , PERIOD_ID , VALUE) VALUES (590, 7, 8, 6, -2.49);
INSERT INTO CONCRETE_INDEX (CONCRETE_ID, INSURER_ID , INDEX_ID , PERIOD_ID , VALUE) VALUES (591, 7, 8, 7, 3.11);
INSERT INTO CONCRETE_INDEX (CONCRETE_ID, INSURER_ID , INDEX_ID , PERIOD_ID , VALUE) VALUES (592, 7, 8, 8, -3.58);
INSERT INTO CONCRETE_INDEX (CONCRETE_ID, INSURER_ID , INDEX_ID , PERIOD_ID , VALUE) VALUES (593, 7, 9, 1, 4.27);
INSERT INTO CONCRETE_INDEX (CONCRETE_ID, INSURER_ID , INDEX_ID , PERIOD_ID , VALUE) VALUES (594, 7, 9, 2, -4.81);
INSERT INTO CONCRETE_INDEX (CONCRETE_ID, INSURER_ID , INDEX_ID , PERIOD_ID , VALUE) VALUES (595, 7, 9, 3, -1.84);
INSERT INTO CONCRETE_INDEX (CONCRETE_ID, INSURER_ID , INDEX_ID , PERIOD_ID , VALUE) VALUES (596, 7, 9, 4, 2.45);
INSERT INTO CONCRETE_INDEX (CONCRETE_ID, INSURER_ID , INDEX_ID , PERIOD_ID , VALUE) VALUES (597, 7, 9, 5, -3.68);
INSERT INTO CONCRETE_INDEX (CONCRETE_ID, INSURER_ID , INDEX_ID , PERIOD_ID , VALUE) VALUES (598, 7, 9, 6, -4.76);
INSERT INTO CONCRETE_INDEX (CONCRETE_ID, INSURER_ID , INDEX_ID , PERIOD_ID , VALUE) VALUES (599, 7, 9, 7, -3.69);
INSERT INTO CONCRETE_INDEX (CONCRETE_ID, INSURER_ID , INDEX_ID , PERIOD_ID , VALUE) VALUES (600, 7, 9, 8, -0.89);
INSERT INTO CONCRETE_INDEX (CONCRETE_ID, INSURER_ID , INDEX_ID , PERIOD_ID , VALUE) VALUES (601, 7, 10, 1, 0.14);
INSERT INTO CONCRETE_INDEX (CONCRETE_ID, INSURER_ID , INDEX_ID , PERIOD_ID , VALUE) VALUES (602, 7, 10, 2, -2.45);
INSERT INTO CONCRETE_INDEX (CONCRETE_ID, INSURER_ID , INDEX_ID , PERIOD_ID , VALUE) VALUES (603, 7, 10, 3, 4.05);
INSERT INTO CONCRETE_INDEX (CONCRETE_ID, INSURER_ID , INDEX_ID , PERIOD_ID , VALUE) VALUES (604, 7, 10, 4, 2.47);
INSERT INTO CONCRETE_INDEX (CONCRETE_ID, INSURER_ID , INDEX_ID , PERIOD_ID , VALUE) VALUES (605, 7, 10, 5, -4.41);
INSERT INTO CONCRETE_INDEX (CONCRETE_ID, INSURER_ID , INDEX_ID , PERIOD_ID , VALUE) VALUES (606, 7, 10, 6, -3.49);
INSERT INTO CONCRETE_INDEX (CONCRETE_ID, INSURER_ID , INDEX_ID , PERIOD_ID , VALUE) VALUES (607, 7, 10, 7, -2.65);
INSERT INTO CONCRETE_INDEX (CONCRETE_ID, INSURER_ID , INDEX_ID , PERIOD_ID , VALUE) VALUES (608, 7, 10, 8, -0.82);
INSERT INTO CONCRETE_INDEX (CONCRETE_ID, INSURER_ID , INDEX_ID , PERIOD_ID , VALUE) VALUES (609, 7, 11, 1, 4.25);
INSERT INTO CONCRETE_INDEX (CONCRETE_ID, INSURER_ID , INDEX_ID , PERIOD_ID , VALUE) VALUES (610, 7, 11, 2, 2.97);
INSERT INTO CONCRETE_INDEX (CONCRETE_ID, INSURER_ID , INDEX_ID , PERIOD_ID , VALUE) VALUES (611, 7, 11, 3, 0.57);
INSERT INTO CONCRETE_INDEX (CONCRETE_ID, INSURER_ID , INDEX_ID , PERIOD_ID , VALUE) VALUES (612, 7, 11, 4, -0.65);
INSERT INTO CONCRETE_INDEX (CONCRETE_ID, INSURER_ID , INDEX_ID , PERIOD_ID , VALUE) VALUES (613, 7, 11, 5, -4.07);
INSERT INTO CONCRETE_INDEX (CONCRETE_ID, INSURER_ID , INDEX_ID , PERIOD_ID , VALUE) VALUES (614, 7, 11, 6, -2.37);
INSERT INTO CONCRETE_INDEX (CONCRETE_ID, INSURER_ID , INDEX_ID , PERIOD_ID , VALUE) VALUES (615, 7, 11, 7, 2.81);
INSERT INTO CONCRETE_INDEX (CONCRETE_ID, INSURER_ID , INDEX_ID , PERIOD_ID , VALUE) VALUES (616, 7, 11, 8, 2.15);
INSERT INTO CONCRETE_INDEX (CONCRETE_ID, INSURER_ID , INDEX_ID , PERIOD_ID , VALUE) VALUES (617, 8, 1, 1, 3.31);
INSERT INTO CONCRETE_INDEX (CONCRETE_ID, INSURER_ID , INDEX_ID , PERIOD_ID , VALUE) VALUES (618, 8, 1, 2, 4.70);
INSERT INTO CONCRETE_INDEX (CONCRETE_ID, INSURER_ID , INDEX_ID , PERIOD_ID , VALUE) VALUES (619, 8, 1, 3, -4.13);
INSERT INTO CONCRETE_INDEX (CONCRETE_ID, INSURER_ID , INDEX_ID , PERIOD_ID , VALUE) VALUES (620, 8, 1, 4, 3.33);
INSERT INTO CONCRETE_INDEX (CONCRETE_ID, INSURER_ID , INDEX_ID , PERIOD_ID , VALUE) VALUES (621, 8, 1, 5, 2.27);
INSERT INTO CONCRETE_INDEX (CONCRETE_ID, INSURER_ID , INDEX_ID , PERIOD_ID , VALUE) VALUES (622, 8, 1, 6, 3.98);
INSERT INTO CONCRETE_INDEX (CONCRETE_ID, INSURER_ID , INDEX_ID , PERIOD_ID , VALUE) VALUES (623, 8, 1, 7, -0.80);
INSERT INTO CONCRETE_INDEX (CONCRETE_ID, INSURER_ID , INDEX_ID , PERIOD_ID , VALUE) VALUES (624, 8, 1, 8, -3.56);
INSERT INTO CONCRETE_INDEX (CONCRETE_ID, INSURER_ID , INDEX_ID , PERIOD_ID , VALUE) VALUES (625, 8, 2, 1, 2.04);
INSERT INTO CONCRETE_INDEX (CONCRETE_ID, INSURER_ID , INDEX_ID , PERIOD_ID , VALUE) VALUES (626, 8, 2, 2, -2.38);
INSERT INTO CONCRETE_INDEX (CONCRETE_ID, INSURER_ID , INDEX_ID , PERIOD_ID , VALUE) VALUES (627, 8, 2, 3, 0.93);
INSERT INTO CONCRETE_INDEX (CONCRETE_ID, INSURER_ID , INDEX_ID , PERIOD_ID , VALUE) VALUES (628, 8, 2, 4, -4.27);
INSERT INTO CONCRETE_INDEX (CONCRETE_ID, INSURER_ID , INDEX_ID , PERIOD_ID , VALUE) VALUES (629, 8, 2, 5, 1.67);
INSERT INTO CONCRETE_INDEX (CONCRETE_ID, INSURER_ID , INDEX_ID , PERIOD_ID , VALUE) VALUES (630, 8, 2, 6, -4.88);
INSERT INTO CONCRETE_INDEX (CONCRETE_ID, INSURER_ID , INDEX_ID , PERIOD_ID , VALUE) VALUES (631, 8, 2, 7, -1.55);
INSERT INTO CONCRETE_INDEX (CONCRETE_ID, INSURER_ID , INDEX_ID , PERIOD_ID , VALUE) VALUES (632, 8, 2, 8, -0.46);
INSERT INTO CONCRETE_INDEX (CONCRETE_ID, INSURER_ID , INDEX_ID , PERIOD_ID , VALUE) VALUES (633, 8, 3, 1, -1.01);
INSERT INTO CONCRETE_INDEX (CONCRETE_ID, INSURER_ID , INDEX_ID , PERIOD_ID , VALUE) VALUES (634, 8, 3, 2, -3.71);
INSERT INTO CONCRETE_INDEX (CONCRETE_ID, INSURER_ID , INDEX_ID , PERIOD_ID , VALUE) VALUES (635, 8, 3, 3, -1.19);
INSERT INTO CONCRETE_INDEX (CONCRETE_ID, INSURER_ID , INDEX_ID , PERIOD_ID , VALUE) VALUES (636, 8, 3, 4, -2.69);
INSERT INTO CONCRETE_INDEX (CONCRETE_ID, INSURER_ID , INDEX_ID , PERIOD_ID , VALUE) VALUES (637, 8, 3, 5, 4.08);
INSERT INTO CONCRETE_INDEX (CONCRETE_ID, INSURER_ID , INDEX_ID , PERIOD_ID , VALUE) VALUES (638, 8, 3, 6, -2.62);
INSERT INTO CONCRETE_INDEX (CONCRETE_ID, INSURER_ID , INDEX_ID , PERIOD_ID , VALUE) VALUES (639, 8, 3, 7, -3.22);
INSERT INTO CONCRETE_INDEX (CONCRETE_ID, INSURER_ID , INDEX_ID , PERIOD_ID , VALUE) VALUES (640, 8, 3, 8, 2.15);
INSERT INTO CONCRETE_INDEX (CONCRETE_ID, INSURER_ID , INDEX_ID , PERIOD_ID , VALUE) VALUES (641, 8, 4, 1, 1.50);
INSERT INTO CONCRETE_INDEX (CONCRETE_ID, INSURER_ID , INDEX_ID , PERIOD_ID , VALUE) VALUES (642, 8, 4, 2, 0.06);
INSERT INTO CONCRETE_INDEX (CONCRETE_ID, INSURER_ID , INDEX_ID , PERIOD_ID , VALUE) VALUES (643, 8, 4, 3, -1.77);
INSERT INTO CONCRETE_INDEX (CONCRETE_ID, INSURER_ID , INDEX_ID , PERIOD_ID , VALUE) VALUES (644, 8, 4, 4, 3.47);
INSERT INTO CONCRETE_INDEX (CONCRETE_ID, INSURER_ID , INDEX_ID , PERIOD_ID , VALUE) VALUES (645, 8, 4, 5, 4.93);
INSERT INTO CONCRETE_INDEX (CONCRETE_ID, INSURER_ID , INDEX_ID , PERIOD_ID , VALUE) VALUES (646, 8, 4, 6, -3.84);
INSERT INTO CONCRETE_INDEX (CONCRETE_ID, INSURER_ID , INDEX_ID , PERIOD_ID , VALUE) VALUES (647, 8, 4, 7, -2.76);
INSERT INTO CONCRETE_INDEX (CONCRETE_ID, INSURER_ID , INDEX_ID , PERIOD_ID , VALUE) VALUES (648, 8, 4, 8, 1.09);
INSERT INTO CONCRETE_INDEX (CONCRETE_ID, INSURER_ID , INDEX_ID , PERIOD_ID , VALUE) VALUES (649, 8, 5, 1, 3.22);
INSERT INTO CONCRETE_INDEX (CONCRETE_ID, INSURER_ID , INDEX_ID , PERIOD_ID , VALUE) VALUES (650, 8, 5, 2, 3.94);
INSERT INTO CONCRETE_INDEX (CONCRETE_ID, INSURER_ID , INDEX_ID , PERIOD_ID , VALUE) VALUES (651, 8, 5, 3, -1.76);
INSERT INTO CONCRETE_INDEX (CONCRETE_ID, INSURER_ID , INDEX_ID , PERIOD_ID , VALUE) VALUES (652, 8, 5, 4, 2.98);
INSERT INTO CONCRETE_INDEX (CONCRETE_ID, INSURER_ID , INDEX_ID , PERIOD_ID , VALUE) VALUES (653, 8, 5, 5, -0.96);
INSERT INTO CONCRETE_INDEX (CONCRETE_ID, INSURER_ID , INDEX_ID , PERIOD_ID , VALUE) VALUES (654, 8, 5, 6, 3.05);
INSERT INTO CONCRETE_INDEX (CONCRETE_ID, INSURER_ID , INDEX_ID , PERIOD_ID , VALUE) VALUES (655, 8, 5, 7, -1.40);
INSERT INTO CONCRETE_INDEX (CONCRETE_ID, INSURER_ID , INDEX_ID , PERIOD_ID , VALUE) VALUES (656, 8, 5, 8, 3.68);
INSERT INTO CONCRETE_INDEX (CONCRETE_ID, INSURER_ID , INDEX_ID , PERIOD_ID , VALUE) VALUES (657, 8, 6, 1, 0.06);
INSERT INTO CONCRETE_INDEX (CONCRETE_ID, INSURER_ID , INDEX_ID , PERIOD_ID , VALUE) VALUES (658, 8, 6, 2, -3.81);
INSERT INTO CONCRETE_INDEX (CONCRETE_ID, INSURER_ID , INDEX_ID , PERIOD_ID , VALUE) VALUES (659, 8, 6, 3, 2.65);
INSERT INTO CONCRETE_INDEX (CONCRETE_ID, INSURER_ID , INDEX_ID , PERIOD_ID , VALUE) VALUES (660, 8, 6, 4, -0.51);
INSERT INTO CONCRETE_INDEX (CONCRETE_ID, INSURER_ID , INDEX_ID , PERIOD_ID , VALUE) VALUES (661, 8, 6, 5, -1.97);
INSERT INTO CONCRETE_INDEX (CONCRETE_ID, INSURER_ID , INDEX_ID , PERIOD_ID , VALUE) VALUES (662, 8, 6, 6, 4.96);
INSERT INTO CONCRETE_INDEX (CONCRETE_ID, INSURER_ID , INDEX_ID , PERIOD_ID , VALUE) VALUES (663, 8, 6, 7, -4.21);
INSERT INTO CONCRETE_INDEX (CONCRETE_ID, INSURER_ID , INDEX_ID , PERIOD_ID , VALUE) VALUES (664, 8, 6, 8, -0.63);
INSERT INTO CONCRETE_INDEX (CONCRETE_ID, INSURER_ID , INDEX_ID , PERIOD_ID , VALUE) VALUES (665, 8, 7, 1, 2.63);
INSERT INTO CONCRETE_INDEX (CONCRETE_ID, INSURER_ID , INDEX_ID , PERIOD_ID , VALUE) VALUES (666, 8, 7, 2, -3.50);
INSERT INTO CONCRETE_INDEX (CONCRETE_ID, INSURER_ID , INDEX_ID , PERIOD_ID , VALUE) VALUES (667, 8, 7, 3, -4.15);
INSERT INTO CONCRETE_INDEX (CONCRETE_ID, INSURER_ID , INDEX_ID , PERIOD_ID , VALUE) VALUES (668, 8, 7, 4, -2.27);
INSERT INTO CONCRETE_INDEX (CONCRETE_ID, INSURER_ID , INDEX_ID , PERIOD_ID , VALUE) VALUES (669, 8, 7, 5, -4.28);
INSERT INTO CONCRETE_INDEX (CONCRETE_ID, INSURER_ID , INDEX_ID , PERIOD_ID , VALUE) VALUES (670, 8, 7, 6, -4.79);
INSERT INTO CONCRETE_INDEX (CONCRETE_ID, INSURER_ID , INDEX_ID , PERIOD_ID , VALUE) VALUES (671, 8, 7, 7, -0.44);
INSERT INTO CONCRETE_INDEX (CONCRETE_ID, INSURER_ID , INDEX_ID , PERIOD_ID , VALUE) VALUES (672, 8, 7, 8, -3.57);
INSERT INTO CONCRETE_INDEX (CONCRETE_ID, INSURER_ID , INDEX_ID , PERIOD_ID , VALUE) VALUES (673, 8, 8, 1, -3.64);
INSERT INTO CONCRETE_INDEX (CONCRETE_ID, INSURER_ID , INDEX_ID , PERIOD_ID , VALUE) VALUES (674, 8, 8, 2, 0.64);
INSERT INTO CONCRETE_INDEX (CONCRETE_ID, INSURER_ID , INDEX_ID , PERIOD_ID , VALUE) VALUES (675, 8, 8, 3, 3.88);
INSERT INTO CONCRETE_INDEX (CONCRETE_ID, INSURER_ID , INDEX_ID , PERIOD_ID , VALUE) VALUES (676, 8, 8, 4, -1.63);
INSERT INTO CONCRETE_INDEX (CONCRETE_ID, INSURER_ID , INDEX_ID , PERIOD_ID , VALUE) VALUES (677, 8, 8, 5, -1.37);
INSERT INTO CONCRETE_INDEX (CONCRETE_ID, INSURER_ID , INDEX_ID , PERIOD_ID , VALUE) VALUES (678, 8, 8, 6, -0.97);
INSERT INTO CONCRETE_INDEX (CONCRETE_ID, INSURER_ID , INDEX_ID , PERIOD_ID , VALUE) VALUES (679, 8, 8, 7, -4.46);
INSERT INTO CONCRETE_INDEX (CONCRETE_ID, INSURER_ID , INDEX_ID , PERIOD_ID , VALUE) VALUES (680, 8, 8, 8, 4.37);
INSERT INTO CONCRETE_INDEX (CONCRETE_ID, INSURER_ID , INDEX_ID , PERIOD_ID , VALUE) VALUES (681, 8, 9, 1, 2.29);
INSERT INTO CONCRETE_INDEX (CONCRETE_ID, INSURER_ID , INDEX_ID , PERIOD_ID , VALUE) VALUES (682, 8, 9, 2, 0.45);
INSERT INTO CONCRETE_INDEX (CONCRETE_ID, INSURER_ID , INDEX_ID , PERIOD_ID , VALUE) VALUES (683, 8, 9, 3, -2.78);
INSERT INTO CONCRETE_INDEX (CONCRETE_ID, INSURER_ID , INDEX_ID , PERIOD_ID , VALUE) VALUES (684, 8, 9, 4, -1.37);
INSERT INTO CONCRETE_INDEX (CONCRETE_ID, INSURER_ID , INDEX_ID , PERIOD_ID , VALUE) VALUES (685, 8, 9, 5, 1.09);
INSERT INTO CONCRETE_INDEX (CONCRETE_ID, INSURER_ID , INDEX_ID , PERIOD_ID , VALUE) VALUES (686, 8, 9, 6, -1.76);
INSERT INTO CONCRETE_INDEX (CONCRETE_ID, INSURER_ID , INDEX_ID , PERIOD_ID , VALUE) VALUES (687, 8, 9, 7, -4.47);
INSERT INTO CONCRETE_INDEX (CONCRETE_ID, INSURER_ID , INDEX_ID , PERIOD_ID , VALUE) VALUES (688, 8, 9, 8, 4.91);
INSERT INTO CONCRETE_INDEX (CONCRETE_ID, INSURER_ID , INDEX_ID , PERIOD_ID , VALUE) VALUES (689, 8, 10, 1, 4.55);
INSERT INTO CONCRETE_INDEX (CONCRETE_ID, INSURER_ID , INDEX_ID , PERIOD_ID , VALUE) VALUES (690, 8, 10, 2, 0.09);
INSERT INTO CONCRETE_INDEX (CONCRETE_ID, INSURER_ID , INDEX_ID , PERIOD_ID , VALUE) VALUES (691, 8, 10, 3, 4.26);
INSERT INTO CONCRETE_INDEX (CONCRETE_ID, INSURER_ID , INDEX_ID , PERIOD_ID , VALUE) VALUES (692, 8, 10, 4, -2.35);
INSERT INTO CONCRETE_INDEX (CONCRETE_ID, INSURER_ID , INDEX_ID , PERIOD_ID , VALUE) VALUES (693, 8, 10, 5, -2.85);
INSERT INTO CONCRETE_INDEX (CONCRETE_ID, INSURER_ID , INDEX_ID , PERIOD_ID , VALUE) VALUES (694, 8, 10, 6, 2.57);
INSERT INTO CONCRETE_INDEX (CONCRETE_ID, INSURER_ID , INDEX_ID , PERIOD_ID , VALUE) VALUES (695, 8, 10, 7, -4.00);
INSERT INTO CONCRETE_INDEX (CONCRETE_ID, INSURER_ID , INDEX_ID , PERIOD_ID , VALUE) VALUES (696, 8, 10, 8, -2.78);
INSERT INTO CONCRETE_INDEX (CONCRETE_ID, INSURER_ID , INDEX_ID , PERIOD_ID , VALUE) VALUES (697, 8, 11, 1, 2.80);
INSERT INTO CONCRETE_INDEX (CONCRETE_ID, INSURER_ID , INDEX_ID , PERIOD_ID , VALUE) VALUES (698, 8, 11, 2, 2.36);
INSERT INTO CONCRETE_INDEX (CONCRETE_ID, INSURER_ID , INDEX_ID , PERIOD_ID , VALUE) VALUES (699, 8, 11, 3, -3.15);
INSERT INTO CONCRETE_INDEX (CONCRETE_ID, INSURER_ID , INDEX_ID , PERIOD_ID , VALUE) VALUES (700, 8, 11, 4, -1.52);
INSERT INTO CONCRETE_INDEX (CONCRETE_ID, INSURER_ID , INDEX_ID , PERIOD_ID , VALUE) VALUES (701, 8, 11, 5, 3.75);
INSERT INTO CONCRETE_INDEX (CONCRETE_ID, INSURER_ID , INDEX_ID , PERIOD_ID , VALUE) VALUES (702, 8, 11, 6, -2.57);
INSERT INTO CONCRETE_INDEX (CONCRETE_ID, INSURER_ID , INDEX_ID , PERIOD_ID , VALUE) VALUES (703, 8, 11, 7, 1.66);
INSERT INTO CONCRETE_INDEX (CONCRETE_ID, INSURER_ID , INDEX_ID , PERIOD_ID , VALUE) VALUES (704, 8, 11, 8, -4.76);
INSERT INTO CONCRETE_INDEX (CONCRETE_ID, INSURER_ID , INDEX_ID , PERIOD_ID , VALUE) VALUES (705, 9, 1, 1, 0.37);
INSERT INTO CONCRETE_INDEX (CONCRETE_ID, INSURER_ID , INDEX_ID , PERIOD_ID , VALUE) VALUES (706, 9, 1, 2, 1.13);
INSERT INTO CONCRETE_INDEX (CONCRETE_ID, INSURER_ID , INDEX_ID , PERIOD_ID , VALUE) VALUES (707, 9, 1, 3, 1.91);
INSERT INTO CONCRETE_INDEX (CONCRETE_ID, INSURER_ID , INDEX_ID , PERIOD_ID , VALUE) VALUES (708, 9, 1, 4, 0.93);
INSERT INTO CONCRETE_INDEX (CONCRETE_ID, INSURER_ID , INDEX_ID , PERIOD_ID , VALUE) VALUES (709, 9, 1, 5, 2.23);
INSERT INTO CONCRETE_INDEX (CONCRETE_ID, INSURER_ID , INDEX_ID , PERIOD_ID , VALUE) VALUES (710, 9, 1, 6, 0.63);
INSERT INTO CONCRETE_INDEX (CONCRETE_ID, INSURER_ID , INDEX_ID , PERIOD_ID , VALUE) VALUES (711, 9, 1, 7, 4.24);
INSERT INTO CONCRETE_INDEX (CONCRETE_ID, INSURER_ID , INDEX_ID , PERIOD_ID , VALUE) VALUES (712, 9, 1, 8, -2.26);
INSERT INTO CONCRETE_INDEX (CONCRETE_ID, INSURER_ID , INDEX_ID , PERIOD_ID , VALUE) VALUES (713, 9, 2, 1, 1.61);
INSERT INTO CONCRETE_INDEX (CONCRETE_ID, INSURER_ID , INDEX_ID , PERIOD_ID , VALUE) VALUES (714, 9, 2, 2, -1.53);
INSERT INTO CONCRETE_INDEX (CONCRETE_ID, INSURER_ID , INDEX_ID , PERIOD_ID , VALUE) VALUES (715, 9, 2, 3, -4.47);
INSERT INTO CONCRETE_INDEX (CONCRETE_ID, INSURER_ID , INDEX_ID , PERIOD_ID , VALUE) VALUES (716, 9, 2, 4, 2.05);
INSERT INTO CONCRETE_INDEX (CONCRETE_ID, INSURER_ID , INDEX_ID , PERIOD_ID , VALUE) VALUES (717, 9, 2, 5, -2.19);
INSERT INTO CONCRETE_INDEX (CONCRETE_ID, INSURER_ID , INDEX_ID , PERIOD_ID , VALUE) VALUES (718, 9, 2, 6, 2.84);
INSERT INTO CONCRETE_INDEX (CONCRETE_ID, INSURER_ID , INDEX_ID , PERIOD_ID , VALUE) VALUES (719, 9, 2, 7, -0.81);
INSERT INTO CONCRETE_INDEX (CONCRETE_ID, INSURER_ID , INDEX_ID , PERIOD_ID , VALUE) VALUES (720, 9, 2, 8, 4.08);
INSERT INTO CONCRETE_INDEX (CONCRETE_ID, INSURER_ID , INDEX_ID , PERIOD_ID , VALUE) VALUES (721, 9, 3, 1, 4.01);
INSERT INTO CONCRETE_INDEX (CONCRETE_ID, INSURER_ID , INDEX_ID , PERIOD_ID , VALUE) VALUES (722, 9, 3, 2, -2.24);
INSERT INTO CONCRETE_INDEX (CONCRETE_ID, INSURER_ID , INDEX_ID , PERIOD_ID , VALUE) VALUES (723, 9, 3, 3, -1.42);
INSERT INTO CONCRETE_INDEX (CONCRETE_ID, INSURER_ID , INDEX_ID , PERIOD_ID , VALUE) VALUES (724, 9, 3, 4, 3.51);
INSERT INTO CONCRETE_INDEX (CONCRETE_ID, INSURER_ID , INDEX_ID , PERIOD_ID , VALUE) VALUES (725, 9, 3, 5, -0.89);
INSERT INTO CONCRETE_INDEX (CONCRETE_ID, INSURER_ID , INDEX_ID , PERIOD_ID , VALUE) VALUES (726, 9, 3, 6, -0.87);
INSERT INTO CONCRETE_INDEX (CONCRETE_ID, INSURER_ID , INDEX_ID , PERIOD_ID , VALUE) VALUES (727, 9, 3, 7, -4.57);
INSERT INTO CONCRETE_INDEX (CONCRETE_ID, INSURER_ID , INDEX_ID , PERIOD_ID , VALUE) VALUES (728, 9, 3, 8, 1.05);
INSERT INTO CONCRETE_INDEX (CONCRETE_ID, INSURER_ID , INDEX_ID , PERIOD_ID , VALUE) VALUES (729, 9, 4, 1, 3.65);
INSERT INTO CONCRETE_INDEX (CONCRETE_ID, INSURER_ID , INDEX_ID , PERIOD_ID , VALUE) VALUES (730, 9, 4, 2, -3.74);
INSERT INTO CONCRETE_INDEX (CONCRETE_ID, INSURER_ID , INDEX_ID , PERIOD_ID , VALUE) VALUES (731, 9, 4, 3, -4.91);
INSERT INTO CONCRETE_INDEX (CONCRETE_ID, INSURER_ID , INDEX_ID , PERIOD_ID , VALUE) VALUES (732, 9, 4, 4, -2.45);
INSERT INTO CONCRETE_INDEX (CONCRETE_ID, INSURER_ID , INDEX_ID , PERIOD_ID , VALUE) VALUES (733, 9, 4, 5, 2.16);
INSERT INTO CONCRETE_INDEX (CONCRETE_ID, INSURER_ID , INDEX_ID , PERIOD_ID , VALUE) VALUES (734, 9, 4, 6, 1.65);
INSERT INTO CONCRETE_INDEX (CONCRETE_ID, INSURER_ID , INDEX_ID , PERIOD_ID , VALUE) VALUES (735, 9, 4, 7, -4.00);
INSERT INTO CONCRETE_INDEX (CONCRETE_ID, INSURER_ID , INDEX_ID , PERIOD_ID , VALUE) VALUES (736, 9, 4, 8, -0.93);
INSERT INTO CONCRETE_INDEX (CONCRETE_ID, INSURER_ID , INDEX_ID , PERIOD_ID , VALUE) VALUES (737, 9, 5, 1, 4.68);
INSERT INTO CONCRETE_INDEX (CONCRETE_ID, INSURER_ID , INDEX_ID , PERIOD_ID , VALUE) VALUES (738, 9, 5, 2, 3.37);
INSERT INTO CONCRETE_INDEX (CONCRETE_ID, INSURER_ID , INDEX_ID , PERIOD_ID , VALUE) VALUES (739, 9, 5, 3, -2.42);
INSERT INTO CONCRETE_INDEX (CONCRETE_ID, INSURER_ID , INDEX_ID , PERIOD_ID , VALUE) VALUES (740, 9, 5, 4, -4.13);
INSERT INTO CONCRETE_INDEX (CONCRETE_ID, INSURER_ID , INDEX_ID , PERIOD_ID , VALUE) VALUES (741, 9, 5, 5, -3.85);
INSERT INTO CONCRETE_INDEX (CONCRETE_ID, INSURER_ID , INDEX_ID , PERIOD_ID , VALUE) VALUES (742, 9, 5, 6, -4.35);
INSERT INTO CONCRETE_INDEX (CONCRETE_ID, INSURER_ID , INDEX_ID , PERIOD_ID , VALUE) VALUES (743, 9, 5, 7, -0.44);
INSERT INTO CONCRETE_INDEX (CONCRETE_ID, INSURER_ID , INDEX_ID , PERIOD_ID , VALUE) VALUES (744, 9, 5, 8, -2.01);
INSERT INTO CONCRETE_INDEX (CONCRETE_ID, INSURER_ID , INDEX_ID , PERIOD_ID , VALUE) VALUES (745, 9, 6, 1, -3.86);
INSERT INTO CONCRETE_INDEX (CONCRETE_ID, INSURER_ID , INDEX_ID , PERIOD_ID , VALUE) VALUES (746, 9, 6, 2, 3.17);
INSERT INTO CONCRETE_INDEX (CONCRETE_ID, INSURER_ID , INDEX_ID , PERIOD_ID , VALUE) VALUES (747, 9, 6, 3, -4.43);
INSERT INTO CONCRETE_INDEX (CONCRETE_ID, INSURER_ID , INDEX_ID , PERIOD_ID , VALUE) VALUES (748, 9, 6, 4, -1.79);
INSERT INTO CONCRETE_INDEX (CONCRETE_ID, INSURER_ID , INDEX_ID , PERIOD_ID , VALUE) VALUES (749, 9, 6, 5, 0.32);
INSERT INTO CONCRETE_INDEX (CONCRETE_ID, INSURER_ID , INDEX_ID , PERIOD_ID , VALUE) VALUES (750, 9, 6, 6, 3.78);
INSERT INTO CONCRETE_INDEX (CONCRETE_ID, INSURER_ID , INDEX_ID , PERIOD_ID , VALUE) VALUES (751, 9, 6, 7, -4.25);
INSERT INTO CONCRETE_INDEX (CONCRETE_ID, INSURER_ID , INDEX_ID , PERIOD_ID , VALUE) VALUES (752, 9, 6, 8, -4.34);
INSERT INTO CONCRETE_INDEX (CONCRETE_ID, INSURER_ID , INDEX_ID , PERIOD_ID , VALUE) VALUES (753, 9, 7, 1, 2.00);
INSERT INTO CONCRETE_INDEX (CONCRETE_ID, INSURER_ID , INDEX_ID , PERIOD_ID , VALUE) VALUES (754, 9, 7, 2, 2.37);
INSERT INTO CONCRETE_INDEX (CONCRETE_ID, INSURER_ID , INDEX_ID , PERIOD_ID , VALUE) VALUES (755, 9, 7, 3, -3.59);
INSERT INTO CONCRETE_INDEX (CONCRETE_ID, INSURER_ID , INDEX_ID , PERIOD_ID , VALUE) VALUES (756, 9, 7, 4, -0.25);
INSERT INTO CONCRETE_INDEX (CONCRETE_ID, INSURER_ID , INDEX_ID , PERIOD_ID , VALUE) VALUES (757, 9, 7, 5, 4.22);
INSERT INTO CONCRETE_INDEX (CONCRETE_ID, INSURER_ID , INDEX_ID , PERIOD_ID , VALUE) VALUES (758, 9, 7, 6, -3.88);
INSERT INTO CONCRETE_INDEX (CONCRETE_ID, INSURER_ID , INDEX_ID , PERIOD_ID , VALUE) VALUES (759, 9, 7, 7, -0.72);
INSERT INTO CONCRETE_INDEX (CONCRETE_ID, INSURER_ID , INDEX_ID , PERIOD_ID , VALUE) VALUES (760, 9, 7, 8, 4.67);
INSERT INTO CONCRETE_INDEX (CONCRETE_ID, INSURER_ID , INDEX_ID , PERIOD_ID , VALUE) VALUES (761, 9, 8, 1, 2.73);
INSERT INTO CONCRETE_INDEX (CONCRETE_ID, INSURER_ID , INDEX_ID , PERIOD_ID , VALUE) VALUES (762, 9, 8, 2, -2.66);
INSERT INTO CONCRETE_INDEX (CONCRETE_ID, INSURER_ID , INDEX_ID , PERIOD_ID , VALUE) VALUES (763, 9, 8, 3, -0.29);
INSERT INTO CONCRETE_INDEX (CONCRETE_ID, INSURER_ID , INDEX_ID , PERIOD_ID , VALUE) VALUES (764, 9, 8, 4, -0.79);
INSERT INTO CONCRETE_INDEX (CONCRETE_ID, INSURER_ID , INDEX_ID , PERIOD_ID , VALUE) VALUES (765, 9, 8, 5, -4.24);
INSERT INTO CONCRETE_INDEX (CONCRETE_ID, INSURER_ID , INDEX_ID , PERIOD_ID , VALUE) VALUES (766, 9, 8, 6, -4.24);
INSERT INTO CONCRETE_INDEX (CONCRETE_ID, INSURER_ID , INDEX_ID , PERIOD_ID , VALUE) VALUES (767, 9, 8, 7, 0.70);
INSERT INTO CONCRETE_INDEX (CONCRETE_ID, INSURER_ID , INDEX_ID , PERIOD_ID , VALUE) VALUES (768, 9, 8, 8, -4.61);
INSERT INTO CONCRETE_INDEX (CONCRETE_ID, INSURER_ID , INDEX_ID , PERIOD_ID , VALUE) VALUES (769, 9, 9, 1, -0.87);
INSERT INTO CONCRETE_INDEX (CONCRETE_ID, INSURER_ID , INDEX_ID , PERIOD_ID , VALUE) VALUES (770, 9, 9, 2, -3.67);
INSERT INTO CONCRETE_INDEX (CONCRETE_ID, INSURER_ID , INDEX_ID , PERIOD_ID , VALUE) VALUES (771, 9, 9, 3, -0.59);
INSERT INTO CONCRETE_INDEX (CONCRETE_ID, INSURER_ID , INDEX_ID , PERIOD_ID , VALUE) VALUES (772, 9, 9, 4, 1.95);
INSERT INTO CONCRETE_INDEX (CONCRETE_ID, INSURER_ID , INDEX_ID , PERIOD_ID , VALUE) VALUES (773, 9, 9, 5, 4.21);
INSERT INTO CONCRETE_INDEX (CONCRETE_ID, INSURER_ID , INDEX_ID , PERIOD_ID , VALUE) VALUES (774, 9, 9, 6, 2.26);
INSERT INTO CONCRETE_INDEX (CONCRETE_ID, INSURER_ID , INDEX_ID , PERIOD_ID , VALUE) VALUES (775, 9, 9, 7, 3.87);
INSERT INTO CONCRETE_INDEX (CONCRETE_ID, INSURER_ID , INDEX_ID , PERIOD_ID , VALUE) VALUES (776, 9, 9, 8, -4.26);
INSERT INTO CONCRETE_INDEX (CONCRETE_ID, INSURER_ID , INDEX_ID , PERIOD_ID , VALUE) VALUES (777, 9, 10, 1, 1.89);
INSERT INTO CONCRETE_INDEX (CONCRETE_ID, INSURER_ID , INDEX_ID , PERIOD_ID , VALUE) VALUES (778, 9, 10, 2, -4.55);
INSERT INTO CONCRETE_INDEX (CONCRETE_ID, INSURER_ID , INDEX_ID , PERIOD_ID , VALUE) VALUES (779, 9, 10, 3, -0.09);
INSERT INTO CONCRETE_INDEX (CONCRETE_ID, INSURER_ID , INDEX_ID , PERIOD_ID , VALUE) VALUES (780, 9, 10, 4, 4.62);
INSERT INTO CONCRETE_INDEX (CONCRETE_ID, INSURER_ID , INDEX_ID , PERIOD_ID , VALUE) VALUES (781, 9, 10, 5, -2.26);
INSERT INTO CONCRETE_INDEX (CONCRETE_ID, INSURER_ID , INDEX_ID , PERIOD_ID , VALUE) VALUES (782, 9, 10, 6, -1.96);
INSERT INTO CONCRETE_INDEX (CONCRETE_ID, INSURER_ID , INDEX_ID , PERIOD_ID , VALUE) VALUES (783, 9, 10, 7, 3.03);
INSERT INTO CONCRETE_INDEX (CONCRETE_ID, INSURER_ID , INDEX_ID , PERIOD_ID , VALUE) VALUES (784, 9, 10, 8, 0.64);
INSERT INTO CONCRETE_INDEX (CONCRETE_ID, INSURER_ID , INDEX_ID , PERIOD_ID , VALUE) VALUES (785, 9, 11, 1, 2.58);
INSERT INTO CONCRETE_INDEX (CONCRETE_ID, INSURER_ID , INDEX_ID , PERIOD_ID , VALUE) VALUES (786, 9, 11, 2, -0.27);
INSERT INTO CONCRETE_INDEX (CONCRETE_ID, INSURER_ID , INDEX_ID , PERIOD_ID , VALUE) VALUES (787, 9, 11, 3, -4.79);
INSERT INTO CONCRETE_INDEX (CONCRETE_ID, INSURER_ID , INDEX_ID , PERIOD_ID , VALUE) VALUES (788, 9, 11, 4, 0.87);
INSERT INTO CONCRETE_INDEX (CONCRETE_ID, INSURER_ID , INDEX_ID , PERIOD_ID , VALUE) VALUES (789, 9, 11, 5, -2.53);
INSERT INTO CONCRETE_INDEX (CONCRETE_ID, INSURER_ID , INDEX_ID , PERIOD_ID , VALUE) VALUES (790, 9, 11, 6, 4.88);
INSERT INTO CONCRETE_INDEX (CONCRETE_ID, INSURER_ID , INDEX_ID , PERIOD_ID , VALUE) VALUES (791, 9, 11, 7, 4.34);
INSERT INTO CONCRETE_INDEX (CONCRETE_ID, INSURER_ID , INDEX_ID , PERIOD_ID , VALUE) VALUES (792, 9, 11, 8, -3.19);
INSERT INTO CONCRETE_INDEX (CONCRETE_ID, INSURER_ID , INDEX_ID , PERIOD_ID , VALUE) VALUES (793, 10, 1, 1, 4.48);
INSERT INTO CONCRETE_INDEX (CONCRETE_ID, INSURER_ID , INDEX_ID , PERIOD_ID , VALUE) VALUES (794, 10, 1, 2, 2.60);
INSERT INTO CONCRETE_INDEX (CONCRETE_ID, INSURER_ID , INDEX_ID , PERIOD_ID , VALUE) VALUES (795, 10, 1, 3, 2.48);
INSERT INTO CONCRETE_INDEX (CONCRETE_ID, INSURER_ID , INDEX_ID , PERIOD_ID , VALUE) VALUES (796, 10, 1, 4, -0.32);
INSERT INTO CONCRETE_INDEX (CONCRETE_ID, INSURER_ID , INDEX_ID , PERIOD_ID , VALUE) VALUES (797, 10, 1, 5, 2.69);
INSERT INTO CONCRETE_INDEX (CONCRETE_ID, INSURER_ID , INDEX_ID , PERIOD_ID , VALUE) VALUES (798, 10, 1, 6, 0.54);
INSERT INTO CONCRETE_INDEX (CONCRETE_ID, INSURER_ID , INDEX_ID , PERIOD_ID , VALUE) VALUES (799, 10, 1, 7, -0.02);
INSERT INTO CONCRETE_INDEX (CONCRETE_ID, INSURER_ID , INDEX_ID , PERIOD_ID , VALUE) VALUES (800, 10, 1, 8, 0.78);
INSERT INTO CONCRETE_INDEX (CONCRETE_ID, INSURER_ID , INDEX_ID , PERIOD_ID , VALUE) VALUES (801, 10, 2, 1, 3.93);
INSERT INTO CONCRETE_INDEX (CONCRETE_ID, INSURER_ID , INDEX_ID , PERIOD_ID , VALUE) VALUES (802, 10, 2, 2, 0.26);
INSERT INTO CONCRETE_INDEX (CONCRETE_ID, INSURER_ID , INDEX_ID , PERIOD_ID , VALUE) VALUES (803, 10, 2, 3, 4.08);
INSERT INTO CONCRETE_INDEX (CONCRETE_ID, INSURER_ID , INDEX_ID , PERIOD_ID , VALUE) VALUES (804, 10, 2, 4, 0.68);
INSERT INTO CONCRETE_INDEX (CONCRETE_ID, INSURER_ID , INDEX_ID , PERIOD_ID , VALUE) VALUES (805, 10, 2, 5, 4.30);
INSERT INTO CONCRETE_INDEX (CONCRETE_ID, INSURER_ID , INDEX_ID , PERIOD_ID , VALUE) VALUES (806, 10, 2, 6, -2.06);
INSERT INTO CONCRETE_INDEX (CONCRETE_ID, INSURER_ID , INDEX_ID , PERIOD_ID , VALUE) VALUES (807, 10, 2, 7, 4.66);
INSERT INTO CONCRETE_INDEX (CONCRETE_ID, INSURER_ID , INDEX_ID , PERIOD_ID , VALUE) VALUES (808, 10, 2, 8, 0.69);
INSERT INTO CONCRETE_INDEX (CONCRETE_ID, INSURER_ID , INDEX_ID , PERIOD_ID , VALUE) VALUES (809, 10, 3, 1, -4.30);
INSERT INTO CONCRETE_INDEX (CONCRETE_ID, INSURER_ID , INDEX_ID , PERIOD_ID , VALUE) VALUES (810, 10, 3, 2, -0.72);
INSERT INTO CONCRETE_INDEX (CONCRETE_ID, INSURER_ID , INDEX_ID , PERIOD_ID , VALUE) VALUES (811, 10, 3, 3, 4.34);
INSERT INTO CONCRETE_INDEX (CONCRETE_ID, INSURER_ID , INDEX_ID , PERIOD_ID , VALUE) VALUES (812, 10, 3, 4, 3.19);
INSERT INTO CONCRETE_INDEX (CONCRETE_ID, INSURER_ID , INDEX_ID , PERIOD_ID , VALUE) VALUES (813, 10, 3, 5, -3.98);
INSERT INTO CONCRETE_INDEX (CONCRETE_ID, INSURER_ID , INDEX_ID , PERIOD_ID , VALUE) VALUES (814, 10, 3, 6, 1.53);
INSERT INTO CONCRETE_INDEX (CONCRETE_ID, INSURER_ID , INDEX_ID , PERIOD_ID , VALUE) VALUES (815, 10, 3, 7, -2.53);
INSERT INTO CONCRETE_INDEX (CONCRETE_ID, INSURER_ID , INDEX_ID , PERIOD_ID , VALUE) VALUES (816, 10, 3, 8, 4.85);
INSERT INTO CONCRETE_INDEX (CONCRETE_ID, INSURER_ID , INDEX_ID , PERIOD_ID , VALUE) VALUES (817, 10, 4, 1, -1.88);
INSERT INTO CONCRETE_INDEX (CONCRETE_ID, INSURER_ID , INDEX_ID , PERIOD_ID , VALUE) VALUES (818, 10, 4, 2, -1.28);
INSERT INTO CONCRETE_INDEX (CONCRETE_ID, INSURER_ID , INDEX_ID , PERIOD_ID , VALUE) VALUES (819, 10, 4, 3, 0.21);
INSERT INTO CONCRETE_INDEX (CONCRETE_ID, INSURER_ID , INDEX_ID , PERIOD_ID , VALUE) VALUES (820, 10, 4, 4, -1.79);
INSERT INTO CONCRETE_INDEX (CONCRETE_ID, INSURER_ID , INDEX_ID , PERIOD_ID , VALUE) VALUES (821, 10, 4, 5, -4.57);
INSERT INTO CONCRETE_INDEX (CONCRETE_ID, INSURER_ID , INDEX_ID , PERIOD_ID , VALUE) VALUES (822, 10, 4, 6, -1.45);
INSERT INTO CONCRETE_INDEX (CONCRETE_ID, INSURER_ID , INDEX_ID , PERIOD_ID , VALUE) VALUES (823, 10, 4, 7, 4.15);
INSERT INTO CONCRETE_INDEX (CONCRETE_ID, INSURER_ID , INDEX_ID , PERIOD_ID , VALUE) VALUES (824, 10, 4, 8, 2.63);
INSERT INTO CONCRETE_INDEX (CONCRETE_ID, INSURER_ID , INDEX_ID , PERIOD_ID , VALUE) VALUES (825, 10, 5, 1, -3.81);
INSERT INTO CONCRETE_INDEX (CONCRETE_ID, INSURER_ID , INDEX_ID , PERIOD_ID , VALUE) VALUES (826, 10, 5, 2, 0.42);
INSERT INTO CONCRETE_INDEX (CONCRETE_ID, INSURER_ID , INDEX_ID , PERIOD_ID , VALUE) VALUES (827, 10, 5, 3, -2.93);
INSERT INTO CONCRETE_INDEX (CONCRETE_ID, INSURER_ID , INDEX_ID , PERIOD_ID , VALUE) VALUES (828, 10, 5, 4, -4.84);
INSERT INTO CONCRETE_INDEX (CONCRETE_ID, INSURER_ID , INDEX_ID , PERIOD_ID , VALUE) VALUES (829, 10, 5, 5, -0.49);
INSERT INTO CONCRETE_INDEX (CONCRETE_ID, INSURER_ID , INDEX_ID , PERIOD_ID , VALUE) VALUES (830, 10, 5, 6, 4.84);
INSERT INTO CONCRETE_INDEX (CONCRETE_ID, INSURER_ID , INDEX_ID , PERIOD_ID , VALUE) VALUES (831, 10, 5, 7, -2.54);
INSERT INTO CONCRETE_INDEX (CONCRETE_ID, INSURER_ID , INDEX_ID , PERIOD_ID , VALUE) VALUES (832, 10, 5, 8, -4.41);
INSERT INTO CONCRETE_INDEX (CONCRETE_ID, INSURER_ID , INDEX_ID , PERIOD_ID , VALUE) VALUES (833, 10, 6, 1, 3.70);
INSERT INTO CONCRETE_INDEX (CONCRETE_ID, INSURER_ID , INDEX_ID , PERIOD_ID , VALUE) VALUES (834, 10, 6, 2, 3.44);
INSERT INTO CONCRETE_INDEX (CONCRETE_ID, INSURER_ID , INDEX_ID , PERIOD_ID , VALUE) VALUES (835, 10, 6, 3, 3.80);
INSERT INTO CONCRETE_INDEX (CONCRETE_ID, INSURER_ID , INDEX_ID , PERIOD_ID , VALUE) VALUES (836, 10, 6, 4, -2.43);
INSERT INTO CONCRETE_INDEX (CONCRETE_ID, INSURER_ID , INDEX_ID , PERIOD_ID , VALUE) VALUES (837, 10, 6, 5, 1.53);
INSERT INTO CONCRETE_INDEX (CONCRETE_ID, INSURER_ID , INDEX_ID , PERIOD_ID , VALUE) VALUES (838, 10, 6, 6, -2.34);
INSERT INTO CONCRETE_INDEX (CONCRETE_ID, INSURER_ID , INDEX_ID , PERIOD_ID , VALUE) VALUES (839, 10, 6, 7, -4.03);
INSERT INTO CONCRETE_INDEX (CONCRETE_ID, INSURER_ID , INDEX_ID , PERIOD_ID , VALUE) VALUES (840, 10, 6, 8, -0.53);
INSERT INTO CONCRETE_INDEX (CONCRETE_ID, INSURER_ID , INDEX_ID , PERIOD_ID , VALUE) VALUES (841, 10, 7, 1, -2.54);
INSERT INTO CONCRETE_INDEX (CONCRETE_ID, INSURER_ID , INDEX_ID , PERIOD_ID , VALUE) VALUES (842, 10, 7, 2, 1.48);
INSERT INTO CONCRETE_INDEX (CONCRETE_ID, INSURER_ID , INDEX_ID , PERIOD_ID , VALUE) VALUES (843, 10, 7, 3, 3.36);
INSERT INTO CONCRETE_INDEX (CONCRETE_ID, INSURER_ID , INDEX_ID , PERIOD_ID , VALUE) VALUES (844, 10, 7, 4, 4.58);
INSERT INTO CONCRETE_INDEX (CONCRETE_ID, INSURER_ID , INDEX_ID , PERIOD_ID , VALUE) VALUES (845, 10, 7, 5, -0.81);
INSERT INTO CONCRETE_INDEX (CONCRETE_ID, INSURER_ID , INDEX_ID , PERIOD_ID , VALUE) VALUES (846, 10, 7, 6, 0.41);
INSERT INTO CONCRETE_INDEX (CONCRETE_ID, INSURER_ID , INDEX_ID , PERIOD_ID , VALUE) VALUES (847, 10, 7, 7, 3.82);
INSERT INTO CONCRETE_INDEX (CONCRETE_ID, INSURER_ID , INDEX_ID , PERIOD_ID , VALUE) VALUES (848, 10, 7, 8, -0.05);
INSERT INTO CONCRETE_INDEX (CONCRETE_ID, INSURER_ID , INDEX_ID , PERIOD_ID , VALUE) VALUES (849, 10, 8, 1, -0.34);
INSERT INTO CONCRETE_INDEX (CONCRETE_ID, INSURER_ID , INDEX_ID , PERIOD_ID , VALUE) VALUES (850, 10, 8, 2, 4.29);
INSERT INTO CONCRETE_INDEX (CONCRETE_ID, INSURER_ID , INDEX_ID , PERIOD_ID , VALUE) VALUES (851, 10, 8, 3, -1.92);
INSERT INTO CONCRETE_INDEX (CONCRETE_ID, INSURER_ID , INDEX_ID , PERIOD_ID , VALUE) VALUES (852, 10, 8, 4, -2.62);
INSERT INTO CONCRETE_INDEX (CONCRETE_ID, INSURER_ID , INDEX_ID , PERIOD_ID , VALUE) VALUES (853, 10, 8, 5, -4.31);
INSERT INTO CONCRETE_INDEX (CONCRETE_ID, INSURER_ID , INDEX_ID , PERIOD_ID , VALUE) VALUES (854, 10, 8, 6, -3.37);
INSERT INTO CONCRETE_INDEX (CONCRETE_ID, INSURER_ID , INDEX_ID , PERIOD_ID , VALUE) VALUES (855, 10, 8, 7, -3.25);
INSERT INTO CONCRETE_INDEX (CONCRETE_ID, INSURER_ID , INDEX_ID , PERIOD_ID , VALUE) VALUES (856, 10, 8, 8, -2.24);
INSERT INTO CONCRETE_INDEX (CONCRETE_ID, INSURER_ID , INDEX_ID , PERIOD_ID , VALUE) VALUES (857, 10, 9, 1, -3.48);
INSERT INTO CONCRETE_INDEX (CONCRETE_ID, INSURER_ID , INDEX_ID , PERIOD_ID , VALUE) VALUES (858, 10, 9, 2, -3.34);
INSERT INTO CONCRETE_INDEX (CONCRETE_ID, INSURER_ID , INDEX_ID , PERIOD_ID , VALUE) VALUES (859, 10, 9, 3, 0.82);
INSERT INTO CONCRETE_INDEX (CONCRETE_ID, INSURER_ID , INDEX_ID , PERIOD_ID , VALUE) VALUES (860, 10, 9, 4, 2.46);
INSERT INTO CONCRETE_INDEX (CONCRETE_ID, INSURER_ID , INDEX_ID , PERIOD_ID , VALUE) VALUES (861, 10, 9, 5, -1.29);
INSERT INTO CONCRETE_INDEX (CONCRETE_ID, INSURER_ID , INDEX_ID , PERIOD_ID , VALUE) VALUES (862, 10, 9, 6, 3.14);
INSERT INTO CONCRETE_INDEX (CONCRETE_ID, INSURER_ID , INDEX_ID , PERIOD_ID , VALUE) VALUES (863, 10, 9, 7, 1.99);
INSERT INTO CONCRETE_INDEX (CONCRETE_ID, INSURER_ID , INDEX_ID , PERIOD_ID , VALUE) VALUES (864, 10, 9, 8, 1.09);
INSERT INTO CONCRETE_INDEX (CONCRETE_ID, INSURER_ID , INDEX_ID , PERIOD_ID , VALUE) VALUES (865, 10, 10, 1, 4.13);
INSERT INTO CONCRETE_INDEX (CONCRETE_ID, INSURER_ID , INDEX_ID , PERIOD_ID , VALUE) VALUES (866, 10, 10, 2, 1.30);
INSERT INTO CONCRETE_INDEX (CONCRETE_ID, INSURER_ID , INDEX_ID , PERIOD_ID , VALUE) VALUES (867, 10, 10, 3, -3.79);
INSERT INTO CONCRETE_INDEX (CONCRETE_ID, INSURER_ID , INDEX_ID , PERIOD_ID , VALUE) VALUES (868, 10, 10, 4, -4.19);
INSERT INTO CONCRETE_INDEX (CONCRETE_ID, INSURER_ID , INDEX_ID , PERIOD_ID , VALUE) VALUES (869, 10, 10, 5, 3.95);
INSERT INTO CONCRETE_INDEX (CONCRETE_ID, INSURER_ID , INDEX_ID , PERIOD_ID , VALUE) VALUES (870, 10, 10, 6, 4.67);
INSERT INTO CONCRETE_INDEX (CONCRETE_ID, INSURER_ID , INDEX_ID , PERIOD_ID , VALUE) VALUES (871, 10, 10, 7, 2.37);
INSERT INTO CONCRETE_INDEX (CONCRETE_ID, INSURER_ID , INDEX_ID , PERIOD_ID , VALUE) VALUES (872, 10, 10, 8, -4.15);
INSERT INTO CONCRETE_INDEX (CONCRETE_ID, INSURER_ID , INDEX_ID , PERIOD_ID , VALUE) VALUES (873, 10, 11, 1, 4.83);
INSERT INTO CONCRETE_INDEX (CONCRETE_ID, INSURER_ID , INDEX_ID , PERIOD_ID , VALUE) VALUES (874, 10, 11, 2, 4.08);
INSERT INTO CONCRETE_INDEX (CONCRETE_ID, INSURER_ID , INDEX_ID , PERIOD_ID , VALUE) VALUES (875, 10, 11, 3, -1.79);
INSERT INTO CONCRETE_INDEX (CONCRETE_ID, INSURER_ID , INDEX_ID , PERIOD_ID , VALUE) VALUES (876, 10, 11, 4, -4.98);
INSERT INTO CONCRETE_INDEX (CONCRETE_ID, INSURER_ID , INDEX_ID , PERIOD_ID , VALUE) VALUES (877, 10, 11, 5, 3.22);
INSERT INTO CONCRETE_INDEX (CONCRETE_ID, INSURER_ID , INDEX_ID , PERIOD_ID , VALUE) VALUES (878, 10, 11, 6, -4.97);
INSERT INTO CONCRETE_INDEX (CONCRETE_ID, INSURER_ID , INDEX_ID , PERIOD_ID , VALUE) VALUES (879, 10, 11, 7, -2.86);
INSERT INTO CONCRETE_INDEX (CONCRETE_ID, INSURER_ID , INDEX_ID , PERIOD_ID , VALUE) VALUES (880, 10, 11, 8, -3.23);